IDAPARTAMENTO;PRECIO;TAMANO;UBICACION;DESCRIPCION;IDPERSONANATURAL
1;1466886;5;calle 1 #1;descripcion1;9
2;442337;70;calle 2 #2;descripcion2;16
3;1304919;56;calle 1 #2;descripcion3;8
4;1197051;50;calle 2 #3;descripcion4;7
5;1694418;6;calle 1 #3;descripcion5;17
6;807157;30;calle 2 #4;descripcion6;9
7;1645295;91;calle 1 #4;descripcion7;8
8;1736616;51;calle 2 #5;descripcion8;8
9;321284;21;calle 1 #5;descripcion9;16
10;471743;12;calle 2 #6;descripcion10;5
11;801884;91;calle 1 #6;descripcion11;9
12;908774;51;calle 2 #7;descripcion12;9
13;1958994;75;calle 1 #7;descripcion13;2
14;333662;34;calle 2 #8;descripcion14;17
15;1033783;75;calle 1 #8;descripcion15;16
16;1223594;98;calle 2 #9;descripcion16;8
17;290730;31;calle 1 #9;descripcion17;11
18;888869;91;calle 2 #10;descripcion18;9
19;502046;69;calle 1 #10;descripcion19;6
20;468299;76;calle 1 #2;descripcion20;3
21;1728862;49;calle 2 #3;descripcion21;7
22;135464;94;calle 1 #3;descripcion22;8
23;166074;8;calle 2 #4;descripcion23;13
24;1016398;84;calle 1 #4;descripcion24;8
25;1412988;89;calle 2 #5;descripcion25;13
26;1294276;1;calle 1 #5;descripcion26;2
27;612328;70;calle 2 #6;descripcion27;16
28;588367;85;calle 1 #6;descripcion28;4
29;834907;56;calle 2 #7;descripcion29;2
30;1166348;86;calle 1 #7;descripcion30;10
31;388956;87;calle 2 #8;descripcion31;5
32;179065;9;calle 1 #8;descripcion32;9
33;953911;39;calle 2 #9;descripcion33;14
34;562272;41;calle 1 #9;descripcion34;9
35;1240302;15;calle 2 #10;descripcion35;15
36;199303;73;calle 1 #10;descripcion36;6
37;1743713;71;calle 2 #11;descripcion37;14
38;639109;58;calle 1 #11;descripcion38;15
39;985688;35;calle 1 #3;descripcion39;9
40;604411;11;calle 2 #4;descripcion40;12
41;1290997;33;calle 1 #4;descripcion41;4
42;1490189;25;calle 2 #5;descripcion42;1
43;1514933;38;calle 1 #5;descripcion43;7
44;1975628;16;calle 2 #6;descripcion44;1
45;1283406;52;calle 1 #6;descripcion45;6
46;698237;31;calle 2 #7;descripcion46;7
47;582524;35;calle 1 #7;descripcion47;4
48;1731951;52;calle 2 #8;descripcion48;8
49;1599646;56;calle 1 #8;descripcion49;15
50;1187777;58;calle 2 #9;descripcion50;13
51;108785;89;calle 1 #9;descripcion51;11
52;170377;2;calle 2 #10;descripcion52;9
53;1757684;39;calle 1 #10;descripcion53;12
54;93436;15;calle 2 #11;descripcion54;3
55;1718083;45;calle 1 #11;descripcion55;18
56;447007;85;calle 2 #12;descripcion56;7
57;1738298;92;calle 1 #12;descripcion57;7
58;1373406;45;calle 1 #4;descripcion58;2
59;998103;85;calle 2 #5;descripcion59;3
60;1970349;93;calle 1 #5;descripcion60;19
61;1021774;93;calle 2 #6;descripcion61;2
62;1128939;12;calle 1 #6;descripcion62;13
63;1592862;52;calle 2 #7;descripcion63;3
64;1818523;95;calle 1 #7;descripcion64;18
65;210545;52;calle 2 #8;descripcion65;4
66;703376;84;calle 1 #8;descripcion66;4
67;1206756;26;calle 2 #9;descripcion67;1
68;1111621;42;calle 1 #9;descripcion68;11
69;443886;35;calle 2 #10;descripcion69;11
70;997190;66;calle 1 #10;descripcion70;9
71;87797;20;calle 2 #11;descripcion71;6
72;1341048;18;calle 1 #11;descripcion72;4
73;1497150;11;calle 2 #12;descripcion73;16
74;1295295;74;calle 1 #12;descripcion74;7
75;363763;30;calle 2 #13;descripcion75;8
76;1632502;54;calle 1 #13;descripcion76;8
77;1938094;79;calle 1 #5;descripcion77;12
78;1973938;99;calle 2 #6;descripcion78;1
79;964247;1;calle 1 #6;descripcion79;1
80;1688138;82;calle 2 #7;descripcion80;11
81;307094;1;calle 1 #7;descripcion81;11
82;1521820;97;calle 2 #8;descripcion82;8
83;177835;67;calle 1 #8;descripcion83;2
84;1878332;78;calle 2 #9;descripcion84;1
85;844923;50;calle 1 #9;descripcion85;16
86;1060678;57;calle 2 #10;descripcion86;7
87;1935948;66;calle 1 #10;descripcion87;3
88;1154936;20;calle 2 #11;descripcion88;3
89;1889358;73;calle 1 #11;descripcion89;16
90;1608752;80;calle 2 #12;descripcion90;4
91;1488197;53;calle 1 #12;descripcion91;17
92;614445;89;calle 2 #13;descripcion92;17
93;1162640;47;calle 1 #13;descripcion93;10
94;1331662;56;calle 2 #14;descripcion94;18
95;794872;86;calle 1 #14;descripcion95;18
96;64632;95;calle 1 #6;descripcion96;18
97;917399;4;calle 2 #7;descripcion97;17
98;324190;55;calle 1 #7;descripcion98;3
99;572433;89;calle 2 #8;descripcion99;3
100;1185537;77;calle 1 #8;descripcion100;16
101;807178;1;calle 2 #9;descripcion101;2
102;589089;14;calle 1 #9;descripcion102;2
103;1140242;19;calle 2 #10;descripcion103;15
104;688932;74;calle 1 #10;descripcion104;17
105;891525;23;calle 2 #11;descripcion105;5
106;1751601;3;calle 1 #11;descripcion106;10
107;544713;44;calle 2 #12;descripcion107;16
108;1237155;82;calle 1 #12;descripcion108;5
109;266805;74;calle 2 #13;descripcion109;11
110;1525078;26;calle 1 #13;descripcion110;18
111;1243978;45;calle 2 #14;descripcion111;5
112;1273227;63;calle 1 #14;descripcion112;2
113;277620;25;calle 2 #15;descripcion113;10
114;731559;29;calle 1 #15;descripcion114;19
115;744921;70;calle 1 #7;descripcion115;15
116;1807268;95;calle 2 #8;descripcion116;8
117;1243739;9;calle 1 #8;descripcion117;18
118;1116255;15;calle 2 #9;descripcion118;1
119;1465580;34;calle 1 #9;descripcion119;16
120;712572;77;calle 2 #10;descripcion120;9
121;1181464;82;calle 1 #10;descripcion121;8
122;213203;52;calle 2 #11;descripcion122;17
123;213402;36;calle 1 #11;descripcion123;7
124;1730964;21;calle 2 #12;descripcion124;6
125;256686;33;calle 1 #12;descripcion125;12
126;1160117;43;calle 2 #13;descripcion126;4
127;662847;67;calle 1 #13;descripcion127;16
128;1336257;48;calle 2 #14;descripcion128;10
129;148633;34;calle 1 #14;descripcion129;3
130;1615258;39;calle 2 #15;descripcion130;9
131;57884;88;calle 1 #15;descripcion131;13
132;1508253;73;calle 2 #16;descripcion132;18
133;1440405;49;calle 1 #16;descripcion133;1
134;1463338;62;calle 1 #8;descripcion134;9
135;1804696;27;calle 2 #9;descripcion135;3
136;644082;5;calle 1 #9;descripcion136;18
137;592226;85;calle 2 #10;descripcion137;4
138;189218;59;calle 1 #10;descripcion138;17
139;1679507;1;calle 2 #11;descripcion139;7
140;312273;69;calle 1 #11;descripcion140;6
141;1807248;90;calle 2 #12;descripcion141;11
142;1670146;49;calle 1 #12;descripcion142;5
143;39844;63;calle 2 #13;descripcion143;19
144;129273;48;calle 1 #13;descripcion144;8
145;682589;7;calle 2 #14;descripcion145;19
146;649785;91;calle 1 #14;descripcion146;3
147;1134665;99;calle 2 #15;descripcion147;8
148;1054953;17;calle 1 #15;descripcion148;4
149;1600155;49;calle 2 #16;descripcion149;18
150;180569;89;calle 1 #16;descripcion150;6
151;541341;95;calle 2 #17;descripcion151;14
152;210530;74;calle 1 #17;descripcion152;13
153;138797;100;calle 1 #9;descripcion153;10
154;1857558;52;calle 2 #10;descripcion154;10
155;1650689;80;calle 1 #10;descripcion155;10
156;993157;88;calle 2 #11;descripcion156;19
157;1811801;24;calle 1 #11;descripcion157;9
158;1821416;60;calle 2 #12;descripcion158;13
159;1956814;48;calle 1 #12;descripcion159;7
160;449602;82;calle 2 #13;descripcion160;17
161;1909627;17;calle 1 #13;descripcion161;2
162;1891348;99;calle 2 #14;descripcion162;8
163;262933;86;calle 1 #14;descripcion163;13
164;1421906;86;calle 2 #15;descripcion164;5
165;460898;83;calle 1 #15;descripcion165;13
166;1592088;30;calle 2 #16;descripcion166;12
167;1828067;47;calle 1 #16;descripcion167;6
168;458385;32;calle 2 #17;descripcion168;3
169;1590415;65;calle 1 #17;descripcion169;6
170;1806905;23;calle 2 #18;descripcion170;3
171;344405;15;calle 1 #18;descripcion171;18
172;1628455;59;calle 1 #10;descripcion172;7
173;662743;21;calle 2 #11;descripcion173;11
174;667455;58;calle 1 #11;descripcion174;16
175;1144900;97;calle 2 #12;descripcion175;9
176;1005107;44;calle 1 #12;descripcion176;7
177;857472;17;calle 2 #13;descripcion177;7
178;1274519;58;calle 1 #13;descripcion178;11
179;1318947;28;calle 2 #14;descripcion179;1
180;1167367;63;calle 1 #14;descripcion180;3
181;1997360;55;calle 2 #15;descripcion181;18
182;438689;51;calle 1 #15;descripcion182;10
183;1755545;8;calle 2 #16;descripcion183;18
184;1421732;97;calle 1 #16;descripcion184;11
185;1836358;64;calle 2 #17;descripcion185;4
186;1429573;11;calle 1 #17;descripcion186;19
187;133318;56;calle 2 #18;descripcion187;15
188;1339010;48;calle 1 #18;descripcion188;8
189;131795;85;calle 2 #19;descripcion189;1
190;736017;67;calle 1 #19;descripcion190;9
191;366396;29;calle 1 #11;descripcion191;8
192;432037;86;calle 2 #12;descripcion192;7
193;139414;97;calle 1 #12;descripcion193;11
194;1917197;99;calle 2 #13;descripcion194;6
195;773446;33;calle 1 #13;descripcion195;2
196;1831052;50;calle 2 #14;descripcion196;13
197;429527;66;calle 1 #14;descripcion197;12
198;421673;93;calle 2 #15;descripcion198;13
199;1838229;49;calle 1 #15;descripcion199;2
200;628840;16;calle 2 #16;descripcion200;15
201;449386;90;calle 1 #16;descripcion201;16
202;1080988;89;calle 2 #17;descripcion202;13
203;1325939;45;calle 1 #17;descripcion203;6
204;1005684;11;calle 2 #18;descripcion204;6
205;894060;48;calle 1 #18;descripcion205;8
206;47732;44;calle 2 #19;descripcion206;4
207;853068;58;calle 1 #19;descripcion207;10
208;1182140;96;calle 2 #20;descripcion208;19
209;468730;36;calle 1 #20;descripcion209;3
210;1615279;52;calle 1 #12;descripcion210;12
211;1997385;14;calle 2 #13;descripcion211;5
212;1084444;62;calle 1 #13;descripcion212;2
213;59620;6;calle 2 #14;descripcion213;11
214;354808;56;calle 1 #14;descripcion214;4
215;288442;28;calle 2 #15;descripcion215;4
216;1297405;39;calle 1 #15;descripcion216;19
217;1095856;48;calle 2 #16;descripcion217;2
218;674676;60;calle 1 #16;descripcion218;2
219;609767;66;calle 2 #17;descripcion219;10
220;1744346;85;calle 1 #17;descripcion220;7
221;46167;60;calle 2 #18;descripcion221;4
222;1060756;82;calle 1 #18;descripcion222;17
223;279220;54;calle 2 #19;descripcion223;5
224;1278075;78;calle 1 #19;descripcion224;2
225;339838;1;calle 2 #20;descripcion225;8
226;739921;77;calle 1 #20;descripcion226;10
227;736328;70;calle 2 #21;descripcion227;17
228;292809;46;calle 1 #21;descripcion228;7
229;1115909;75;calle 1 #13;descripcion229;13
230;1339390;67;calle 2 #14;descripcion230;8
231;1853641;18;calle 1 #14;descripcion231;8
232;791007;90;calle 2 #15;descripcion232;2
233;241779;46;calle 1 #15;descripcion233;12
234;676529;100;calle 2 #16;descripcion234;13
235;161983;67;calle 1 #16;descripcion235;6
236;1946517;4;calle 2 #17;descripcion236;16
237;214138;4;calle 1 #17;descripcion237;18
238;1045081;96;calle 2 #18;descripcion238;19
239;64963;32;calle 1 #18;descripcion239;1
240;1348423;10;calle 2 #19;descripcion240;6
241;622913;10;calle 1 #19;descripcion241;16
242;1801084;77;calle 2 #20;descripcion242;11
243;242901;12;calle 1 #20;descripcion243;6
244;1838261;99;calle 2 #21;descripcion244;14
245;1158164;40;calle 1 #21;descripcion245;3
246;1110293;80;calle 2 #22;descripcion246;19
247;1525460;32;calle 1 #22;descripcion247;5
248;1020465;32;calle 1 #14;descripcion248;19
249;852931;13;calle 2 #15;descripcion249;15
250;1742676;20;calle 1 #15;descripcion250;17
251;597436;55;calle 2 #16;descripcion251;13
252;1683913;90;calle 1 #16;descripcion252;19
253;965488;53;calle 2 #17;descripcion253;6
254;683726;53;calle 1 #17;descripcion254;4
255;1545252;94;calle 2 #18;descripcion255;9
256;1783471;25;calle 1 #18;descripcion256;9
257;108768;77;calle 2 #19;descripcion257;3
258;1748262;100;calle 1 #19;descripcion258;15
259;1107979;14;calle 2 #20;descripcion259;10
260;652986;88;calle 1 #20;descripcion260;4
261;738641;77;calle 2 #21;descripcion261;19
262;78076;10;calle 1 #21;descripcion262;17
263;1571216;52;calle 2 #22;descripcion263;18
264;144432;75;calle 1 #22;descripcion264;15
265;836995;94;calle 2 #23;descripcion265;17
266;38018;69;calle 1 #23;descripcion266;17
267;770463;98;calle 1 #15;descripcion267;15
268;1427749;72;calle 2 #16;descripcion268;1
269;1375555;39;calle 1 #16;descripcion269;3
270;704270;4;calle 2 #17;descripcion270;2
271;1330590;3;calle 1 #17;descripcion271;15
272;1412165;69;calle 2 #18;descripcion272;12
273;1074429;99;calle 1 #18;descripcion273;12
274;377686;18;calle 2 #19;descripcion274;5
275;1575731;45;calle 1 #19;descripcion275;14
276;862473;63;calle 2 #20;descripcion276;9
277;632058;67;calle 1 #20;descripcion277;8
278;336711;35;calle 2 #21;descripcion278;4
279;1646792;73;calle 1 #21;descripcion279;10
280;1943536;41;calle 2 #22;descripcion280;3
281;1222203;75;calle 1 #22;descripcion281;10
282;1269119;87;calle 2 #23;descripcion282;16
283;772961;6;calle 1 #23;descripcion283;9
284;943512;98;calle 2 #24;descripcion284;6
285;228516;20;calle 1 #24;descripcion285;5
286;329623;28;calle 1 #16;descripcion286;9
287;1178842;18;calle 2 #17;descripcion287;5
288;366566;96;calle 1 #17;descripcion288;12
289;776960;31;calle 2 #18;descripcion289;5
290;1963376;87;calle 1 #18;descripcion290;18
291;1729784;94;calle 2 #19;descripcion291;4
292;145119;72;calle 1 #19;descripcion292;11
293;1966745;36;calle 2 #20;descripcion293;3
294;1882314;95;calle 1 #20;descripcion294;17
295;44878;6;calle 2 #21;descripcion295;14
296;1986114;61;calle 1 #21;descripcion296;6
297;318098;53;calle 2 #22;descripcion297;11
298;1148327;55;calle 1 #22;descripcion298;12
299;232727;92;calle 2 #23;descripcion299;14
300;1688129;24;calle 1 #23;descripcion300;3
301;946932;58;calle 2 #24;descripcion301;19
302;1884049;80;calle 1 #24;descripcion302;17
303;109100;86;calle 2 #25;descripcion303;6
304;839451;24;calle 1 #25;descripcion304;16
305;290522;94;calle 1 #17;descripcion305;7
306;725763;91;calle 2 #18;descripcion306;3
307;1944607;90;calle 1 #18;descripcion307;15
308;239278;6;calle 2 #19;descripcion308;8
309;957819;2;calle 1 #19;descripcion309;5
310;1789626;5;calle 2 #20;descripcion310;13
311;44760;52;calle 1 #20;descripcion311;3
312;783171;98;calle 2 #21;descripcion312;4
313;217707;86;calle 1 #21;descripcion313;3
314;1159306;49;calle 2 #22;descripcion314;1
315;1829352;67;calle 1 #22;descripcion315;5
316;800011;28;calle 2 #23;descripcion316;2
317;1792289;66;calle 1 #23;descripcion317;18
318;1657649;69;calle 2 #24;descripcion318;11
319;1680710;96;calle 1 #24;descripcion319;12
320;195678;44;calle 2 #25;descripcion320;1
321;53000;19;calle 1 #25;descripcion321;10
322;1355348;82;calle 2 #26;descripcion322;11
323;766154;48;calle 1 #26;descripcion323;7
324;961766;35;calle 1 #18;descripcion324;13
325;1118554;4;calle 2 #19;descripcion325;17
326;1402028;35;calle 1 #19;descripcion326;9
327;1414013;71;calle 2 #20;descripcion327;2
328;1444573;99;calle 1 #20;descripcion328;7
329;1759187;1;calle 2 #21;descripcion329;7
330;1555662;28;calle 1 #21;descripcion330;16
331;217960;58;calle 2 #22;descripcion331;13
332;821861;65;calle 1 #22;descripcion332;1
333;1179268;28;calle 2 #23;descripcion333;12
334;503355;37;calle 1 #23;descripcion334;3
335;177331;71;calle 2 #24;descripcion335;7
336;916981;43;calle 1 #24;descripcion336;16
337;1568997;6;calle 2 #25;descripcion337;17
338;1285597;9;calle 1 #25;descripcion338;5
339;703121;88;calle 2 #26;descripcion339;13
340;1306757;14;calle 1 #26;descripcion340;9
341;829385;35;calle 2 #27;descripcion341;5
342;1099246;87;calle 1 #27;descripcion342;16
343;1828749;96;calle 1 #19;descripcion343;4
344;1503211;45;calle 2 #20;descripcion344;8
345;820541;62;calle 1 #20;descripcion345;14
346;1257980;17;calle 2 #21;descripcion346;7
347;104791;31;calle 1 #21;descripcion347;4
348;1794492;58;calle 2 #22;descripcion348;18
349;453949;5;calle 1 #22;descripcion349;4
350;950950;64;calle 2 #23;descripcion350;7
351;1270400;65;calle 1 #23;descripcion351;2
352;422785;59;calle 2 #24;descripcion352;17
353;148071;86;calle 1 #24;descripcion353;19
354;1131918;72;calle 2 #25;descripcion354;18
355;947046;45;calle 1 #25;descripcion355;16
356;1910685;30;calle 2 #26;descripcion356;10
357;90968;71;calle 1 #26;descripcion357;4
358;1575527;79;calle 2 #27;descripcion358;15
359;1491517;41;calle 1 #27;descripcion359;8
360;685524;65;calle 2 #28;descripcion360;4
361;1166547;41;calle 1 #28;descripcion361;14
362;438997;95;calle 1 #20;descripcion362;15
363;599067;41;calle 2 #21;descripcion363;11
364;1686306;49;calle 1 #21;descripcion364;4
365;820999;40;calle 2 #22;descripcion365;4
366;265413;16;calle 1 #22;descripcion366;4
367;435928;4;calle 2 #23;descripcion367;17
368;1187979;14;calle 1 #23;descripcion368;2
369;796848;80;calle 2 #24;descripcion369;18
370;1460325;26;calle 1 #24;descripcion370;14
371;696490;90;calle 2 #25;descripcion371;5
372;800320;35;calle 1 #25;descripcion372;7
373;1526635;35;calle 2 #26;descripcion373;13
374;413582;44;calle 1 #26;descripcion374;12
375;228226;71;calle 2 #27;descripcion375;14
376;957717;82;calle 1 #27;descripcion376;17
377;575585;26;calle 2 #28;descripcion377;5
378;867423;42;calle 1 #28;descripcion378;6
379;588102;88;calle 2 #29;descripcion379;7
380;305435;48;calle 1 #29;descripcion380;12
381;1099319;86;calle 1 #21;descripcion381;9
382;905827;37;calle 2 #22;descripcion382;1
383;1304056;96;calle 1 #22;descripcion383;17
384;461727;55;calle 2 #23;descripcion384;10
385;391536;71;calle 1 #23;descripcion385;13
386;1175580;80;calle 2 #24;descripcion386;3
387;883979;23;calle 1 #24;descripcion387;2
388;910145;23;calle 2 #25;descripcion388;3
389;1416126;91;calle 1 #25;descripcion389;1
390;368832;49;calle 2 #26;descripcion390;4
391;1560286;6;calle 1 #26;descripcion391;2
392;1407626;71;calle 2 #27;descripcion392;7
393;557437;53;calle 1 #27;descripcion393;6
394;1742300;100;calle 2 #28;descripcion394;10
395;520816;21;calle 1 #28;descripcion395;4
396;1148111;2;calle 2 #29;descripcion396;14
397;931142;73;calle 1 #29;descripcion397;11
398;1816152;84;calle 2 #30;descripcion398;13
399;482412;29;calle 1 #30;descripcion399;17
400;722245;54;calle 1 #22;descripcion400;10
401;1823662;64;calle 2 #23;descripcion401;18
402;294917;21;calle 1 #23;descripcion402;17
403;351704;23;calle 2 #24;descripcion403;13
404;1554449;3;calle 1 #24;descripcion404;3
405;1465207;35;calle 2 #25;descripcion405;19
406;151237;44;calle 1 #25;descripcion406;19
407;467671;13;calle 2 #26;descripcion407;18
408;199803;26;calle 1 #26;descripcion408;8
409;391063;53;calle 2 #27;descripcion409;11
410;400683;65;calle 1 #27;descripcion410;15
411;253920;39;calle 2 #28;descripcion411;8
412;723046;95;calle 1 #28;descripcion412;3
413;364130;13;calle 2 #29;descripcion413;10
414;904431;67;calle 1 #29;descripcion414;2
415;1814533;79;calle 2 #30;descripcion415;11
416;1256045;77;calle 1 #30;descripcion416;12
417;642745;34;calle 2 #31;descripcion417;12
418;776933;98;calle 1 #31;descripcion418;16
419;944854;25;calle 1 #23;descripcion419;18
420;1600932;98;calle 2 #24;descripcion420;17
421;1982813;73;calle 1 #24;descripcion421;11
422;259133;5;calle 2 #25;descripcion422;2
423;768268;92;calle 1 #25;descripcion423;5
424;80176;28;calle 2 #26;descripcion424;13
425;1355321;94;calle 1 #26;descripcion425;18
426;47803;56;calle 2 #27;descripcion426;11
427;709159;99;calle 1 #27;descripcion427;2
428;1151492;30;calle 2 #28;descripcion428;16
429;1660854;97;calle 1 #28;descripcion429;6
430;923775;9;calle 2 #29;descripcion430;6
431;654374;51;calle 1 #29;descripcion431;15
432;224315;87;calle 2 #30;descripcion432;8
433;1028101;12;calle 1 #30;descripcion433;13
434;1732082;94;calle 2 #31;descripcion434;13
435;1511857;18;calle 1 #31;descripcion435;10
436;426055;13;calle 2 #32;descripcion436;2
437;1375852;32;calle 1 #32;descripcion437;11
438;1567880;18;calle 1 #24;descripcion438;12
439;1723920;73;calle 2 #25;descripcion439;15
440;151570;13;calle 1 #25;descripcion440;10
441;809592;54;calle 2 #26;descripcion441;10
442;1095315;60;calle 1 #26;descripcion442;9
443;1951085;55;calle 2 #27;descripcion443;15
444;73871;94;calle 1 #27;descripcion444;10
445;1203249;100;calle 2 #28;descripcion445;7
446;533384;74;calle 1 #28;descripcion446;15
447;321167;22;calle 2 #29;descripcion447;17
448;1217158;30;calle 1 #29;descripcion448;4
449;559565;14;calle 2 #30;descripcion449;7
450;1966493;91;calle 1 #30;descripcion450;15
451;459821;99;calle 2 #31;descripcion451;14
452;835564;33;calle 1 #31;descripcion452;12
453;656823;13;calle 2 #32;descripcion453;3
454;166217;81;calle 1 #32;descripcion454;17
455;1350772;37;calle 2 #33;descripcion455;9
456;88548;20;calle 1 #33;descripcion456;14
457;638359;54;calle 1 #25;descripcion457;8
458;1118967;87;calle 2 #26;descripcion458;10
459;1061641;4;calle 1 #26;descripcion459;13
460;230892;90;calle 2 #27;descripcion460;13
461;1757833;25;calle 1 #27;descripcion461;18
462;1672859;16;calle 2 #28;descripcion462;15
463;1069433;34;calle 1 #28;descripcion463;10
464;624098;45;calle 2 #29;descripcion464;4
465;1902027;94;calle 1 #29;descripcion465;12
466;1408108;75;calle 2 #30;descripcion466;19
467;856906;15;calle 1 #30;descripcion467;13
468;1609307;14;calle 2 #31;descripcion468;16
469;915170;39;calle 1 #31;descripcion469;18
470;1579756;77;calle 2 #32;descripcion470;15
471;1403090;63;calle 1 #32;descripcion471;17
472;380641;38;calle 2 #33;descripcion472;4
473;1489710;62;calle 1 #33;descripcion473;14
474;835512;82;calle 2 #34;descripcion474;10
475;777339;51;calle 1 #34;descripcion475;2
476;1731909;22;calle 1 #26;descripcion476;6
477;1852809;39;calle 2 #27;descripcion477;15
478;976862;58;calle 1 #27;descripcion478;5
479;1298611;47;calle 2 #28;descripcion479;12
480;43346;61;calle 1 #28;descripcion480;11
481;1257296;73;calle 2 #29;descripcion481;3
482;1030675;86;calle 1 #29;descripcion482;14
483;50046;68;calle 2 #30;descripcion483;5
484;74058;78;calle 1 #30;descripcion484;8
485;1709290;98;calle 2 #31;descripcion485;5
486;1231079;28;calle 1 #31;descripcion486;11
487;1288932;33;calle 2 #32;descripcion487;5
488;1009294;56;calle 1 #32;descripcion488;17
489;1988570;95;calle 2 #33;descripcion489;8
490;114665;60;calle 1 #33;descripcion490;16
491;338636;41;calle 2 #34;descripcion491;5
492;1320705;17;calle 1 #34;descripcion492;8
493;428549;20;calle 2 #35;descripcion493;5
494;544545;94;calle 1 #35;descripcion494;8
495;513903;6;calle 1 #27;descripcion495;16
496;1269649;68;calle 2 #28;descripcion496;7
497;1876876;28;calle 1 #28;descripcion497;13
498;53424;74;calle 2 #29;descripcion498;5
499;1059806;30;calle 1 #29;descripcion499;6
500;747373;55;calle 2 #30;descripcion500;17
501;1148188;75;calle 1 #30;descripcion501;18
502;505754;29;calle 2 #31;descripcion502;4
503;413691;41;calle 1 #31;descripcion503;4
504;829282;73;calle 2 #32;descripcion504;7
505;1130226;81;calle 1 #32;descripcion505;4
506;117109;53;calle 2 #33;descripcion506;2
507;630431;19;calle 1 #33;descripcion507;10
508;336504;75;calle 2 #34;descripcion508;17
509;392598;78;calle 1 #34;descripcion509;8
510;1978602;24;calle 2 #35;descripcion510;7
511;1117840;25;calle 1 #35;descripcion511;2
512;1128869;30;calle 2 #36;descripcion512;2
513;999401;20;calle 1 #36;descripcion513;3
514;1199278;96;calle 1 #28;descripcion514;16
515;1789933;49;calle 2 #29;descripcion515;15
516;395756;23;calle 1 #29;descripcion516;19
517;993815;79;calle 2 #30;descripcion517;17
518;153112;100;calle 1 #30;descripcion518;14
519;168558;40;calle 2 #31;descripcion519;4
520;1841288;52;calle 1 #31;descripcion520;10
521;832593;14;calle 2 #32;descripcion521;12
522;517476;77;calle 1 #32;descripcion522;8
523;1380150;62;calle 2 #33;descripcion523;1
524;1171470;83;calle 1 #33;descripcion524;13
525;462366;41;calle 2 #34;descripcion525;14
526;162106;81;calle 1 #34;descripcion526;19
527;269063;85;calle 2 #35;descripcion527;7
528;270309;58;calle 1 #35;descripcion528;8
529;426985;23;calle 2 #36;descripcion529;2
530;1733462;68;calle 1 #36;descripcion530;12
531;1266571;94;calle 2 #37;descripcion531;19
532;1050894;11;calle 1 #37;descripcion532;1
533;502725;93;calle 1 #29;descripcion533;7
534;1073207;30;calle 2 #30;descripcion534;5
535;1795623;6;calle 1 #30;descripcion535;6
536;1072624;80;calle 2 #31;descripcion536;4
537;986103;64;calle 1 #31;descripcion537;8
538;344871;77;calle 2 #32;descripcion538;5
539;1794484;60;calle 1 #32;descripcion539;13
540;369109;72;calle 2 #33;descripcion540;1
541;1970796;84;calle 1 #33;descripcion541;8
542;1307444;6;calle 2 #34;descripcion542;10
543;1136058;41;calle 1 #34;descripcion543;1
544;1263866;31;calle 2 #35;descripcion544;18
545;1112694;5;calle 1 #35;descripcion545;6
546;235866;70;calle 2 #36;descripcion546;11
547;879973;60;calle 1 #36;descripcion547;4
548;538899;22;calle 2 #37;descripcion548;10
549;943086;19;calle 1 #37;descripcion549;18
550;1838902;43;calle 2 #38;descripcion550;5
551;1451796;52;calle 1 #38;descripcion551;8
552;496378;94;calle 1 #30;descripcion552;1
553;1707434;99;calle 2 #31;descripcion553;1
554;1939910;70;calle 1 #31;descripcion554;19
555;1697680;76;calle 2 #32;descripcion555;7
556;1226050;100;calle 1 #32;descripcion556;14
557;573709;80;calle 2 #33;descripcion557;6
558;535166;85;calle 1 #33;descripcion558;14
559;665434;44;calle 2 #34;descripcion559;2
560;46268;64;calle 1 #34;descripcion560;6
561;230935;77;calle 2 #35;descripcion561;16
562;1308464;50;calle 1 #35;descripcion562;15
563;1627707;46;calle 2 #36;descripcion563;13
564;955411;5;calle 1 #36;descripcion564;10
565;193826;55;calle 2 #37;descripcion565;12
566;1195941;63;calle 1 #37;descripcion566;3
567;60309;22;calle 2 #38;descripcion567;14
568;1556078;87;calle 1 #38;descripcion568;3
569;1012921;26;calle 2 #39;descripcion569;2
570;1570322;78;calle 1 #39;descripcion570;1
571;112322;14;calle 1 #31;descripcion571;7
572;488795;42;calle 2 #32;descripcion572;8
573;1681480;83;calle 1 #32;descripcion573;5
574;1384913;17;calle 2 #33;descripcion574;13
575;912369;37;calle 1 #33;descripcion575;10
576;220870;63;calle 2 #34;descripcion576;11
577;489070;44;calle 1 #34;descripcion577;9
578;753255;45;calle 2 #35;descripcion578;18
579;1975695;65;calle 1 #35;descripcion579;19
580;1308239;17;calle 2 #36;descripcion580;14
581;948625;29;calle 1 #36;descripcion581;12
582;330000;9;calle 2 #37;descripcion582;4
583;233091;26;calle 1 #37;descripcion583;5
584;1562248;68;calle 2 #38;descripcion584;13
585;1194976;52;calle 1 #38;descripcion585;7
586;1843142;6;calle 2 #39;descripcion586;3
587;959531;66;calle 1 #39;descripcion587;5
588;1910741;16;calle 2 #40;descripcion588;4
589;1470880;40;calle 1 #40;descripcion589;17
590;260579;16;calle 1 #32;descripcion590;6
591;1647026;100;calle 2 #33;descripcion591;17
592;467296;30;calle 1 #33;descripcion592;11
593;790348;65;calle 2 #34;descripcion593;19
594;1235398;50;calle 1 #34;descripcion594;1
595;890528;41;calle 2 #35;descripcion595;18
596;1615486;26;calle 1 #35;descripcion596;9
597;434107;74;calle 2 #36;descripcion597;1
598;1874134;11;calle 1 #36;descripcion598;15
599;984662;47;calle 2 #37;descripcion599;11
600;1446488;85;calle 1 #37;descripcion600;18
601;406248;39;calle 2 #38;descripcion601;6
602;117818;86;calle 1 #38;descripcion602;16
603;1134916;29;calle 2 #39;descripcion603;6
604;170783;4;calle 1 #39;descripcion604;15
605;1854574;69;calle 2 #40;descripcion605;7
606;840589;31;calle 1 #40;descripcion606;12
607;1200685;95;calle 2 #41;descripcion607;5
608;773424;39;calle 1 #41;descripcion608;14
609;315758;91;calle 1 #33;descripcion609;17
610;526787;36;calle 2 #34;descripcion610;19
611;769104;97;calle 1 #34;descripcion611;6
612;1872609;69;calle 2 #35;descripcion612;15
613;94952;11;calle 1 #35;descripcion613;16
614;1317240;31;calle 2 #36;descripcion614;19
615;144906;66;calle 1 #36;descripcion615;6
616;727429;8;calle 2 #37;descripcion616;5
617;1585948;24;calle 1 #37;descripcion617;15
618;515913;73;calle 2 #38;descripcion618;9
619;1040149;70;calle 1 #38;descripcion619;5
620;974683;11;calle 2 #39;descripcion620;12
621;1471540;29;calle 1 #39;descripcion621;14
622;145490;39;calle 2 #40;descripcion622;16
623;377551;58;calle 1 #40;descripcion623;15
624;449570;19;calle 2 #41;descripcion624;9
625;257179;61;calle 1 #41;descripcion625;17
626;1677836;8;calle 2 #42;descripcion626;8
627;966097;85;calle 1 #42;descripcion627;11
628;1549187;44;calle 1 #34;descripcion628;5
629;1377878;42;calle 2 #35;descripcion629;17
630;1032450;68;calle 1 #35;descripcion630;5
631;584134;71;calle 2 #36;descripcion631;19
632;1102191;86;calle 1 #36;descripcion632;3
633;1729220;54;calle 2 #37;descripcion633;15
634;1463523;70;calle 1 #37;descripcion634;11
635;283172;78;calle 2 #38;descripcion635;16
636;1093829;36;calle 1 #38;descripcion636;7
637;1809644;62;calle 2 #39;descripcion637;19
638;1239152;26;calle 1 #39;descripcion638;7
639;720964;25;calle 2 #40;descripcion639;16
640;513913;30;calle 1 #40;descripcion640;19
641;785122;67;calle 2 #41;descripcion641;15
642;376456;21;calle 1 #41;descripcion642;9
643;513373;7;calle 2 #42;descripcion643;19
644;1135349;36;calle 1 #42;descripcion644;12
645;1890474;79;calle 2 #43;descripcion645;2
646;1979668;82;calle 1 #43;descripcion646;6
647;921423;47;calle 1 #35;descripcion647;9
648;1289681;2;calle 2 #36;descripcion648;4
649;1365479;23;calle 1 #36;descripcion649;17
650;908122;46;calle 2 #37;descripcion650;19
651;1576897;69;calle 1 #37;descripcion651;3
652;378450;49;calle 2 #38;descripcion652;15
653;1041683;31;calle 1 #38;descripcion653;17
654;509997;96;calle 2 #39;descripcion654;13
655;1706977;57;calle 1 #39;descripcion655;19
656;664730;36;calle 2 #40;descripcion656;7
657;741433;80;calle 1 #40;descripcion657;7
658;1626630;63;calle 2 #41;descripcion658;14
659;118060;39;calle 1 #41;descripcion659;19
660;733604;13;calle 2 #42;descripcion660;15
661;1909236;20;calle 1 #42;descripcion661;4
662;959537;26;calle 2 #43;descripcion662;9
663;674152;78;calle 1 #43;descripcion663;8
664;626273;24;calle 2 #44;descripcion664;12
665;205249;3;calle 1 #44;descripcion665;10
666;1035056;72;calle 1 #36;descripcion666;15
667;750573;1;calle 2 #37;descripcion667;3
668;894968;10;calle 1 #37;descripcion668;17
669;1328195;75;calle 2 #38;descripcion669;12
670;828273;74;calle 1 #38;descripcion670;14
671;1279688;9;calle 2 #39;descripcion671;19
672;622023;86;calle 1 #39;descripcion672;19
673;308990;50;calle 2 #40;descripcion673;9
674;1259621;74;calle 1 #40;descripcion674;9
675;1356016;27;calle 2 #41;descripcion675;18
676;1303874;95;calle 1 #41;descripcion676;6
677;1483240;58;calle 2 #42;descripcion677;10
678;1961533;49;calle 1 #42;descripcion678;2
679;1193906;77;calle 2 #43;descripcion679;9
680;1095095;82;calle 1 #43;descripcion680;11
681;290354;57;calle 2 #44;descripcion681;16
682;354377;24;calle 1 #44;descripcion682;5
683;1444678;62;calle 2 #45;descripcion683;17
684;810781;21;calle 1 #45;descripcion684;4
685;509641;59;calle 1 #37;descripcion685;16
686;583838;69;calle 2 #38;descripcion686;13
687;521744;3;calle 1 #38;descripcion687;19
688;1647178;22;calle 2 #39;descripcion688;13
689;219852;24;calle 1 #39;descripcion689;6
690;1832896;16;calle 2 #40;descripcion690;10
691;1657924;92;calle 1 #40;descripcion691;2
692;936177;57;calle 2 #41;descripcion692;1
693;1035618;54;calle 1 #41;descripcion693;2
694;1403834;91;calle 2 #42;descripcion694;19
695;1341439;85;calle 1 #42;descripcion695;18
696;217624;18;calle 2 #43;descripcion696;10
697;729214;31;calle 1 #43;descripcion697;5
698;200560;59;calle 2 #44;descripcion698;8
699;950410;65;calle 1 #44;descripcion699;13
700;629840;24;calle 2 #45;descripcion700;17
701;350591;77;calle 1 #45;descripcion701;8
702;648712;84;calle 2 #46;descripcion702;1
703;1441920;65;calle 1 #46;descripcion703;11
704;1479977;56;calle 1 #38;descripcion704;12
705;1637861;18;calle 2 #39;descripcion705;17
706;406921;98;calle 1 #39;descripcion706;11
707;1761935;48;calle 2 #40;descripcion707;12
708;1607200;49;calle 1 #40;descripcion708;6
709;828977;61;calle 2 #41;descripcion709;2
710;293019;45;calle 1 #41;descripcion710;16
711;537349;63;calle 2 #42;descripcion711;15
712;1157221;27;calle 1 #42;descripcion712;7
713;871059;83;calle 2 #43;descripcion713;14
714;948076;71;calle 1 #43;descripcion714;2
715;1446887;77;calle 2 #44;descripcion715;14
716;340813;2;calle 1 #44;descripcion716;6
717;1173348;54;calle 2 #45;descripcion717;14
718;1015450;12;calle 1 #45;descripcion718;11
719;1660745;92;calle 2 #46;descripcion719;15
720;1534380;70;calle 1 #46;descripcion720;17
721;272021;38;calle 2 #47;descripcion721;5
722;1420415;74;calle 1 #47;descripcion722;1
723;673912;10;calle 1 #39;descripcion723;2
724;1412539;53;calle 2 #40;descripcion724;19
725;1561385;14;calle 1 #40;descripcion725;2
726;1154535;47;calle 2 #41;descripcion726;11
727;1449978;68;calle 1 #41;descripcion727;12
728;63717;25;calle 2 #42;descripcion728;19
729;687034;27;calle 1 #42;descripcion729;15
730;924035;4;calle 2 #43;descripcion730;13
731;1232475;13;calle 1 #43;descripcion731;7
732;864881;4;calle 2 #44;descripcion732;9
733;106611;9;calle 1 #44;descripcion733;14
734;124642;4;calle 2 #45;descripcion734;1
735;1004315;36;calle 1 #45;descripcion735;6
736;1329694;53;calle 2 #46;descripcion736;13
737;185119;83;calle 1 #46;descripcion737;19
738;162573;64;calle 2 #47;descripcion738;12
739;916857;30;calle 1 #47;descripcion739;17
740;1708261;25;calle 2 #48;descripcion740;13
741;1549647;87;calle 1 #48;descripcion741;17
742;243786;53;calle 1 #40;descripcion742;11
743;1717667;27;calle 2 #41;descripcion743;3
744;778561;98;calle 1 #41;descripcion744;4
745;1426203;58;calle 2 #42;descripcion745;14
746;153201;80;calle 1 #42;descripcion746;5
747;113558;20;calle 2 #43;descripcion747;8
748;451441;26;calle 1 #43;descripcion748;15
749;845299;30;calle 2 #44;descripcion749;12
750;634685;58;calle 1 #44;descripcion750;17
751;653783;42;calle 2 #45;descripcion751;10
752;868772;54;calle 1 #45;descripcion752;2
753;1032227;44;calle 2 #46;descripcion753;19
754;532384;7;calle 1 #46;descripcion754;8
755;1352653;89;calle 2 #47;descripcion755;15
756;1621649;8;calle 1 #47;descripcion756;5
757;1935876;89;calle 2 #48;descripcion757;4
758;1727580;6;calle 1 #48;descripcion758;2
759;504278;43;calle 2 #49;descripcion759;1
760;1498060;21;calle 1 #49;descripcion760;8
761;206341;44;calle 1 #41;descripcion761;14
762;1796520;53;calle 2 #42;descripcion762;8
763;1501738;47;calle 1 #42;descripcion763;6
764;1753608;46;calle 2 #43;descripcion764;16
765;241135;80;calle 1 #43;descripcion765;16
766;173021;77;calle 2 #44;descripcion766;15
767;1855432;74;calle 1 #44;descripcion767;15
768;1130806;30;calle 2 #45;descripcion768;4
769;190468;47;calle 1 #45;descripcion769;9
770;1856748;24;calle 2 #46;descripcion770;13
771;1322072;93;calle 1 #46;descripcion771;16
772;214550;81;calle 2 #47;descripcion772;11
773;1485930;12;calle 1 #47;descripcion773;9
774;780975;70;calle 2 #48;descripcion774;15
775;1287321;8;calle 1 #48;descripcion775;6
776;839624;73;calle 2 #49;descripcion776;11
777;737707;17;calle 1 #49;descripcion777;17
778;341342;30;calle 2 #50;descripcion778;7
779;1369740;65;calle 1 #50;descripcion779;3
780;1811587;91;calle 1 #42;descripcion780;1
781;1423233;90;calle 2 #43;descripcion781;2
782;744505;79;calle 1 #43;descripcion782;8
783;393615;52;calle 2 #44;descripcion783;3
784;1610597;18;calle 1 #44;descripcion784;13
785;252192;20;calle 2 #45;descripcion785;18
786;716013;58;calle 1 #45;descripcion786;1
787;1829972;39;calle 2 #46;descripcion787;3
788;1299404;8;calle 1 #46;descripcion788;16
789;252173;41;calle 2 #47;descripcion789;19
790;555191;27;calle 1 #47;descripcion790;7
791;846856;58;calle 2 #48;descripcion791;13
792;127006;1;calle 1 #48;descripcion792;2
793;458044;43;calle 2 #49;descripcion793;19
794;765895;58;calle 1 #49;descripcion794;17
795;834818;74;calle 2 #50;descripcion795;10
796;1237661;85;calle 1 #50;descripcion796;11
797;1422574;37;calle 2 #51;descripcion797;6
798;1639685;17;calle 1 #51;descripcion798;6
799;1769334;34;calle 1 #43;descripcion799;2
800;136851;25;calle 2 #44;descripcion800;8
801;571192;17;calle 1 #44;descripcion801;2
802;590957;45;calle 2 #45;descripcion802;8
803;822226;14;calle 1 #45;descripcion803;18
804;262670;31;calle 2 #46;descripcion804;5
805;1496879;97;calle 1 #46;descripcion805;4
806;744353;70;calle 2 #47;descripcion806;16
807;485669;91;calle 1 #47;descripcion807;8
808;1831150;42;calle 2 #48;descripcion808;1
809;1684504;92;calle 1 #48;descripcion809;2
810;1371185;93;calle 2 #49;descripcion810;5
811;1423587;61;calle 1 #49;descripcion811;7
812;1780232;75;calle 2 #50;descripcion812;15
813;169213;15;calle 1 #50;descripcion813;3
814;1726031;72;calle 2 #51;descripcion814;6
815;1829903;67;calle 1 #51;descripcion815;5
816;1578090;90;calle 2 #52;descripcion816;11
817;458972;45;calle 1 #52;descripcion817;13
818;535544;24;calle 1 #44;descripcion818;15
819;665589;24;calle 2 #45;descripcion819;10
820;1521463;37;calle 1 #45;descripcion820;1
821;1335254;62;calle 2 #46;descripcion821;1
822;149799;45;calle 1 #46;descripcion822;3
823;1050911;7;calle 2 #47;descripcion823;5
824;1448395;87;calle 1 #47;descripcion824;6
825;884872;81;calle 2 #48;descripcion825;13
826;1216188;79;calle 1 #48;descripcion826;5
827;1515382;39;calle 2 #49;descripcion827;18
828;38757;82;calle 1 #49;descripcion828;2
829;761575;5;calle 2 #50;descripcion829;15
830;1550494;34;calle 1 #50;descripcion830;8
831;481678;52;calle 2 #51;descripcion831;13
832;709881;9;calle 1 #51;descripcion832;13
833;1025724;43;calle 2 #52;descripcion833;7
834;762554;94;calle 1 #52;descripcion834;5
835;242064;35;calle 2 #53;descripcion835;2
836;212109;6;calle 1 #53;descripcion836;10
837;550220;50;calle 1 #45;descripcion837;12
838;948308;81;calle 2 #46;descripcion838;1
839;1130185;50;calle 1 #46;descripcion839;14
840;58075;78;calle 2 #47;descripcion840;9
841;761449;41;calle 1 #47;descripcion841;11
842;1664317;33;calle 2 #48;descripcion842;19
843;1504163;59;calle 1 #48;descripcion843;3
844;66384;8;calle 2 #49;descripcion844;9
845;1753368;15;calle 1 #49;descripcion845;15
846;1088183;82;calle 2 #50;descripcion846;8
847;503493;9;calle 1 #50;descripcion847;17
848;1017798;54;calle 2 #51;descripcion848;3
849;889616;1;calle 1 #51;descripcion849;6
850;1637815;58;calle 2 #52;descripcion850;7
851;686028;41;calle 1 #52;descripcion851;19
852;265597;51;calle 2 #53;descripcion852;13
853;1625968;53;calle 1 #53;descripcion853;17
854;1803713;24;calle 2 #54;descripcion854;7
855;1012621;16;calle 1 #54;descripcion855;2
856;1586965;41;calle 1 #46;descripcion856;10
857;1646888;88;calle 2 #47;descripcion857;9
858;1011562;3;calle 1 #47;descripcion858;2
859;682262;17;calle 2 #48;descripcion859;2
860;1263871;11;calle 1 #48;descripcion860;19
861;918166;66;calle 2 #49;descripcion861;5
862;471623;74;calle 1 #49;descripcion862;17
863;405463;25;calle 2 #50;descripcion863;11
864;321696;22;calle 1 #50;descripcion864;12
865;66978;63;calle 2 #51;descripcion865;1
866;924122;48;calle 1 #51;descripcion866;11
867;1781303;56;calle 2 #52;descripcion867;9
868;417809;60;calle 1 #52;descripcion868;3
869;1579426;55;calle 2 #53;descripcion869;14
870;737873;68;calle 1 #53;descripcion870;2
871;1136603;12;calle 2 #54;descripcion871;2
872;1982408;39;calle 1 #54;descripcion872;5
873;1533182;61;calle 2 #55;descripcion873;5
874;456899;17;calle 1 #55;descripcion874;6
875;459287;93;calle 1 #47;descripcion875;13
876;227167;87;calle 2 #48;descripcion876;9
877;1546929;43;calle 1 #48;descripcion877;5
878;754856;85;calle 2 #49;descripcion878;2
879;1810206;57;calle 1 #49;descripcion879;19
880;1481500;33;calle 2 #50;descripcion880;6
881;1817913;54;calle 1 #50;descripcion881;4
882;1386940;14;calle 2 #51;descripcion882;1
883;949219;23;calle 1 #51;descripcion883;10
884;82840;55;calle 2 #52;descripcion884;14
885;465521;13;calle 1 #52;descripcion885;10
886;1340774;30;calle 2 #53;descripcion886;14
887;601706;44;calle 1 #53;descripcion887;9
888;339586;55;calle 2 #54;descripcion888;11
889;480366;50;calle 1 #54;descripcion889;17
890;775940;37;calle 2 #55;descripcion890;4
891;729037;73;calle 1 #55;descripcion891;17
892;563909;28;calle 2 #56;descripcion892;4
893;783470;74;calle 1 #56;descripcion893;1
894;1305584;34;calle 1 #48;descripcion894;16
895;1139727;49;calle 2 #49;descripcion895;3
896;1917101;26;calle 1 #49;descripcion896;10
897;1413524;49;calle 2 #50;descripcion897;1
898;1045088;83;calle 1 #50;descripcion898;12
899;1975791;24;calle 2 #51;descripcion899;7
900;1574768;62;calle 1 #51;descripcion900;1
901;663701;88;calle 2 #52;descripcion901;6
902;1951093;59;calle 1 #52;descripcion902;13
903;1930842;99;calle 2 #53;descripcion903;18
904;1634597;51;calle 1 #53;descripcion904;3
905;1877931;19;calle 2 #54;descripcion905;13
906;1304521;89;calle 1 #54;descripcion906;11
907;278880;25;calle 2 #55;descripcion907;11
908;538374;10;calle 1 #55;descripcion908;9
909;1271032;89;calle 2 #56;descripcion909;19
910;299080;73;calle 1 #56;descripcion910;19
911;80745;78;calle 2 #57;descripcion911;19
912;1756548;97;calle 1 #57;descripcion912;16
913;1836322;63;calle 1 #49;descripcion913;2
914;1057573;86;calle 2 #50;descripcion914;2
915;1968554;71;calle 1 #50;descripcion915;2
916;54886;75;calle 2 #51;descripcion916;1
917;919545;66;calle 1 #51;descripcion917;2
918;1522657;74;calle 2 #52;descripcion918;2
919;318624;27;calle 1 #52;descripcion919;15
920;649720;16;calle 2 #53;descripcion920;19
921;1137303;3;calle 1 #53;descripcion921;4
922;1430425;41;calle 2 #54;descripcion922;6
923;208079;46;calle 1 #54;descripcion923;3
924;266436;69;calle 2 #55;descripcion924;17
925;824844;37;calle 1 #55;descripcion925;11
926;74928;21;calle 2 #56;descripcion926;4
927;1859346;5;calle 1 #56;descripcion927;12
928;1899673;5;calle 2 #57;descripcion928;8
929;266210;4;calle 1 #57;descripcion929;3
930;299027;94;calle 2 #58;descripcion930;6
931;1088756;76;calle 1 #58;descripcion931;15
932;660515;71;calle 1 #50;descripcion932;4
933;312031;20;calle 2 #51;descripcion933;4
934;1440508;35;calle 1 #51;descripcion934;11
935;525146;21;calle 2 #52;descripcion935;8
936;1205313;99;calle 1 #52;descripcion936;4
937;222241;24;calle 2 #53;descripcion937;4
938;434811;42;calle 1 #53;descripcion938;15
939;1672012;98;calle 2 #54;descripcion939;14
940;1135894;79;calle 1 #54;descripcion940;8
941;1287166;63;calle 2 #55;descripcion941;11
942;1790239;1;calle 1 #55;descripcion942;4
943;1465397;20;calle 2 #56;descripcion943;1
944;1363791;30;calle 1 #56;descripcion944;4
945;1317017;25;calle 2 #57;descripcion945;8
946;1869939;71;calle 1 #57;descripcion946;5
947;178835;20;calle 2 #58;descripcion947;6
948;1521412;37;calle 1 #58;descripcion948;17
949;1787161;93;calle 2 #59;descripcion949;13
950;966517;29;calle 1 #59;descripcion950;15
951;1654519;93;calle 1 #51;descripcion951;12
952;1601557;15;calle 2 #52;descripcion952;15
953;455242;99;calle 1 #52;descripcion953;15
954;1847888;71;calle 2 #53;descripcion954;16
955;1779175;86;calle 1 #53;descripcion955;15
956;374398;23;calle 2 #54;descripcion956;2
957;1566375;87;calle 1 #54;descripcion957;12
958;221384;74;calle 2 #55;descripcion958;18
959;1990379;52;calle 1 #55;descripcion959;13
960;762177;90;calle 2 #56;descripcion960;11
961;1808498;93;calle 1 #56;descripcion961;16
962;799435;49;calle 2 #57;descripcion962;3
963;1061407;11;calle 1 #57;descripcion963;2
964;1842081;22;calle 2 #58;descripcion964;3
965;1656224;22;calle 1 #58;descripcion965;4
966;1621042;83;calle 2 #59;descripcion966;19
967;507991;100;calle 1 #59;descripcion967;13
968;1544322;37;calle 2 #60;descripcion968;8
969;1809656;36;calle 1 #60;descripcion969;14
970;698937;13;calle 1 #52;descripcion970;12
971;635790;67;calle 2 #53;descripcion971;12
972;1013026;56;calle 1 #53;descripcion972;12
973;1346782;23;calle 2 #54;descripcion973;15
974;1128284;3;calle 1 #54;descripcion974;2
975;667425;54;calle 2 #55;descripcion975;17
976;948354;71;calle 1 #55;descripcion976;3
977;40604;99;calle 2 #56;descripcion977;18
978;794544;89;calle 1 #56;descripcion978;16
979;407427;76;calle 2 #57;descripcion979;4
980;1586383;85;calle 1 #57;descripcion980;4
981;1511561;46;calle 2 #58;descripcion981;16
982;1048270;66;calle 1 #58;descripcion982;10
983;825813;56;calle 2 #59;descripcion983;17
984;1726277;25;calle 1 #59;descripcion984;5
985;472478;67;calle 2 #60;descripcion985;6
986;689280;68;calle 1 #60;descripcion986;9
987;1575187;95;calle 2 #61;descripcion987;17
988;184228;100;calle 1 #61;descripcion988;12
989;675116;95;calle 1 #53;descripcion989;7
990;496503;35;calle 2 #54;descripcion990;19
991;787539;97;calle 1 #54;descripcion991;15
992;995813;75;calle 2 #55;descripcion992;1
993;146409;73;calle 1 #55;descripcion993;18
994;1226780;90;calle 2 #56;descripcion994;14
995;1218616;85;calle 1 #56;descripcion995;15
996;156562;91;calle 2 #57;descripcion996;9
997;1277361;21;calle 1 #57;descripcion997;13
998;959353;74;calle 2 #58;descripcion998;13
999;127327;2;calle 1 #58;descripcion999;2
1000;610319;4;calle 2 #59;descripcion1000;7
1001;1511310;5;calle 1 #59;descripcion1001;19
1002;299921;23;calle 2 #60;descripcion1002;5
1003;766568;49;calle 1 #60;descripcion1003;15
1004;519030;25;calle 2 #61;descripcion1004;17
1005;1761836;32;calle 1 #61;descripcion1005;11
1006;1251450;36;calle 2 #62;descripcion1006;5
1007;1253875;35;calle 1 #62;descripcion1007;6
1008;649275;70;calle 1 #54;descripcion1008;17
1009;273683;53;calle 2 #55;descripcion1009;3
1010;1951761;15;calle 1 #55;descripcion1010;6
1011;277133;51;calle 2 #56;descripcion1011;2
1012;1462593;71;calle 1 #56;descripcion1012;10
1013;798312;57;calle 2 #57;descripcion1013;19
1014;1402603;47;calle 1 #57;descripcion1014;3
1015;817769;74;calle 2 #58;descripcion1015;3
1016;1484409;6;calle 1 #58;descripcion1016;10
1017;1651346;16;calle 2 #59;descripcion1017;17
1018;170685;4;calle 1 #59;descripcion1018;14
1019;1562161;89;calle 2 #60;descripcion1019;8
1020;1959424;75;calle 1 #60;descripcion1020;3
1021;1524058;52;calle 2 #61;descripcion1021;12
1022;1501658;53;calle 1 #61;descripcion1022;3
1023;1903112;56;calle 2 #62;descripcion1023;8
1024;235987;32;calle 1 #62;descripcion1024;18
1025;1891458;10;calle 2 #63;descripcion1025;2
1026;611124;32;calle 1 #63;descripcion1026;13
1027;94424;23;calle 1 #55;descripcion1027;1
1028;831014;50;calle 2 #56;descripcion1028;16
1029;974696;3;calle 1 #56;descripcion1029;16
1030;1429332;5;calle 2 #57;descripcion1030;13
1031;1134603;10;calle 1 #57;descripcion1031;18
1032;725150;30;calle 2 #58;descripcion1032;18
1033;1163012;90;calle 1 #58;descripcion1033;18
1034;858196;68;calle 2 #59;descripcion1034;1
1035;1656133;73;calle 1 #59;descripcion1035;18
1036;1882880;72;calle 2 #60;descripcion1036;15
1037;1095858;100;calle 1 #60;descripcion1037;17
1038;1754808;39;calle 2 #61;descripcion1038;4
1039;1366136;97;calle 1 #61;descripcion1039;16
1040;543664;51;calle 2 #62;descripcion1040;12
1041;847427;16;calle 1 #62;descripcion1041;6
1042;1594228;7;calle 2 #63;descripcion1042;1
1043;1955575;46;calle 1 #63;descripcion1043;16
1044;1794328;55;calle 2 #64;descripcion1044;15
1045;307171;23;calle 1 #64;descripcion1045;15
1046;1746476;81;calle 1 #56;descripcion1046;8
1047;404855;61;calle 2 #57;descripcion1047;9
1048;1554965;12;calle 1 #57;descripcion1048;17
1049;871658;84;calle 2 #58;descripcion1049;3
1050;1179241;28;calle 1 #58;descripcion1050;1
1051;345547;48;calle 2 #59;descripcion1051;2
1052;712463;83;calle 1 #59;descripcion1052;12
1053;1028023;54;calle 2 #60;descripcion1053;18
1054;769034;4;calle 1 #60;descripcion1054;12
1055;1223965;41;calle 2 #61;descripcion1055;16
1056;1290405;53;calle 1 #61;descripcion1056;16
1057;1242446;92;calle 2 #62;descripcion1057;10
1058;1717791;50;calle 1 #62;descripcion1058;15
1059;1962863;31;calle 2 #63;descripcion1059;19
1060;1123808;23;calle 1 #63;descripcion1060;13
1061;177359;1;calle 2 #64;descripcion1061;2
1062;427211;79;calle 1 #64;descripcion1062;11
1063;1321917;79;calle 2 #65;descripcion1063;13
1064;1184464;43;calle 1 #65;descripcion1064;8
1065;165780;59;calle 1 #57;descripcion1065;8
1066;339303;100;calle 2 #58;descripcion1066;3
1067;1040109;8;calle 1 #58;descripcion1067;10
1068;1597794;45;calle 2 #59;descripcion1068;7
1069;1136699;57;calle 1 #59;descripcion1069;14
1070;1595072;61;calle 2 #60;descripcion1070;18
1071;223108;89;calle 1 #60;descripcion1071;18
1072;1119374;99;calle 2 #61;descripcion1072;11
1073;1000959;61;calle 1 #61;descripcion1073;4
1074;1595627;75;calle 2 #62;descripcion1074;16
1075;1049020;35;calle 1 #62;descripcion1075;5
1076;515910;4;calle 2 #63;descripcion1076;10
1077;390024;87;calle 1 #63;descripcion1077;12
1078;1495773;40;calle 2 #64;descripcion1078;19
1079;409773;80;calle 1 #64;descripcion1079;7
1080;1930195;80;calle 2 #65;descripcion1080;4
1081;1687115;85;calle 1 #65;descripcion1081;15
1082;721280;16;calle 2 #66;descripcion1082;14
1083;366674;93;calle 1 #66;descripcion1083;9
1084;653575;45;calle 1 #58;descripcion1084;9
1085;1420750;16;calle 2 #59;descripcion1085;14
1086;1079601;20;calle 1 #59;descripcion1086;16
1087;1977185;76;calle 2 #60;descripcion1087;9
1088;1055016;79;calle 1 #60;descripcion1088;10
1089;857272;33;calle 2 #61;descripcion1089;10
1090;1582649;25;calle 1 #61;descripcion1090;18
1091;130049;4;calle 2 #62;descripcion1091;11
1092;964008;78;calle 1 #62;descripcion1092;9
1093;1717042;32;calle 2 #63;descripcion1093;17
1094;1575465;69;calle 1 #63;descripcion1094;13
1095;1272305;40;calle 2 #64;descripcion1095;5
1096;704953;12;calle 1 #64;descripcion1096;18
1097;244981;86;calle 2 #65;descripcion1097;15
1098;305449;5;calle 1 #65;descripcion1098;10
1099;582346;25;calle 2 #66;descripcion1099;18
1100;205458;70;calle 1 #66;descripcion1100;7
1101;968708;37;calle 2 #67;descripcion1101;13
1102;1499663;94;calle 1 #67;descripcion1102;10
1103;211722;52;calle 1 #59;descripcion1103;7
1104;1257211;26;calle 2 #60;descripcion1104;15
1105;516105;85;calle 1 #60;descripcion1105;16
1106;918622;56;calle 2 #61;descripcion1106;16
1107;1528481;88;calle 1 #61;descripcion1107;9
1108;307199;18;calle 2 #62;descripcion1108;8
1109;1719408;39;calle 1 #62;descripcion1109;10
1110;295114;69;calle 2 #63;descripcion1110;1
1111;704685;70;calle 1 #63;descripcion1111;19
1112;844199;60;calle 2 #64;descripcion1112;5
1113;239077;45;calle 1 #64;descripcion1113;12
1114;1650738;42;calle 2 #65;descripcion1114;19
1115;1323272;28;calle 1 #65;descripcion1115;6
1116;941497;83;calle 2 #66;descripcion1116;13
1117;1618548;39;calle 1 #66;descripcion1117;11
1118;1992179;38;calle 2 #67;descripcion1118;3
1119;743384;79;calle 1 #67;descripcion1119;8
1120;1393896;36;calle 2 #68;descripcion1120;19
1121;898175;78;calle 1 #68;descripcion1121;10
1122;1736574;85;calle 1 #60;descripcion1122;5
1123;1779148;39;calle 2 #61;descripcion1123;6
1124;658412;22;calle 1 #61;descripcion1124;11
1125;1946736;77;calle 2 #62;descripcion1125;15
1126;383802;97;calle 1 #62;descripcion1126;19
1127;1638032;53;calle 2 #63;descripcion1127;1
1128;1532941;53;calle 1 #63;descripcion1128;8
1129;650523;13;calle 2 #64;descripcion1129;6
1130;1776840;53;calle 1 #64;descripcion1130;16
1131;455580;35;calle 2 #65;descripcion1131;14
1132;891194;93;calle 1 #65;descripcion1132;4
1133;923373;45;calle 2 #66;descripcion1133;12
1134;1471415;67;calle 1 #66;descripcion1134;16
1135;758432;10;calle 2 #67;descripcion1135;19
1136;806908;5;calle 1 #67;descripcion1136;1
1137;1787224;89;calle 2 #68;descripcion1137;11
1138;1607454;62;calle 1 #68;descripcion1138;11
1139;236453;84;calle 2 #69;descripcion1139;8
1140;1976613;40;calle 1 #69;descripcion1140;16
1141;1738040;30;calle 1 #61;descripcion1141;17
1142;1105066;56;calle 2 #62;descripcion1142;8
1143;1075432;7;calle 1 #62;descripcion1143;8
1144;1199325;53;calle 2 #63;descripcion1144;13
1145;1628983;86;calle 1 #63;descripcion1145;11
1146;517758;43;calle 2 #64;descripcion1146;4
1147;1327494;19;calle 1 #64;descripcion1147;11
1148;809405;65;calle 2 #65;descripcion1148;11
1149;1227220;94;calle 1 #65;descripcion1149;5
1150;1915982;47;calle 2 #66;descripcion1150;13
1151;1067844;37;calle 1 #66;descripcion1151;3
1152;577249;37;calle 2 #67;descripcion1152;10
1153;1009945;63;calle 1 #67;descripcion1153;13
1154;1885551;91;calle 2 #68;descripcion1154;18
1155;557032;95;calle 1 #68;descripcion1155;4
1156;1529185;100;calle 2 #69;descripcion1156;11
1157;616088;6;calle 1 #69;descripcion1157;11
1158;1192897;97;calle 2 #70;descripcion1158;19
1159;312011;56;calle 1 #70;descripcion1159;14
1160;1257475;26;calle 1 #62;descripcion1160;9
1161;216077;2;calle 2 #63;descripcion1161;12
1162;1931607;74;calle 1 #63;descripcion1162;12
1163;1442985;23;calle 2 #64;descripcion1163;15
1164;1560932;91;calle 1 #64;descripcion1164;2
1165;1982777;89;calle 2 #65;descripcion1165;16
1166;697528;60;calle 1 #65;descripcion1166;15
1167;1760884;19;calle 2 #66;descripcion1167;8
1168;559544;42;calle 1 #66;descripcion1168;15
1169;1866501;95;calle 2 #67;descripcion1169;10
1170;1683870;98;calle 1 #67;descripcion1170;5
1171;1112814;86;calle 2 #68;descripcion1171;13
1172;1034031;62;calle 1 #68;descripcion1172;9
1173;1547552;36;calle 2 #69;descripcion1173;12
1174;1787654;87;calle 1 #69;descripcion1174;11
1175;777222;19;calle 2 #70;descripcion1175;19
1176;630077;8;calle 1 #70;descripcion1176;12
1177;1689700;100;calle 2 #71;descripcion1177;4
1178;408091;96;calle 1 #71;descripcion1178;5
1179;1735034;50;calle 1 #63;descripcion1179;19
1180;1018386;33;calle 2 #64;descripcion1180;12
1181;1555571;61;calle 1 #64;descripcion1181;10
1182;1365781;88;calle 2 #65;descripcion1182;4
1183;431020;44;calle 1 #65;descripcion1183;11
1184;1908104;94;calle 2 #66;descripcion1184;9
1185;1093461;50;calle 1 #66;descripcion1185;18
1186;1683541;36;calle 2 #67;descripcion1186;1
1187;1141916;41;calle 1 #67;descripcion1187;18
1188;1405697;91;calle 2 #68;descripcion1188;2
1189;199374;39;calle 1 #68;descripcion1189;6
1190;1083869;18;calle 2 #69;descripcion1190;13
1191;377617;35;calle 1 #69;descripcion1191;8
1192;1757965;87;calle 2 #70;descripcion1192;1
1193;1631375;43;calle 1 #70;descripcion1193;1
1194;70064;39;calle 2 #71;descripcion1194;14
1195;1119744;44;calle 1 #71;descripcion1195;12
1196;1490598;92;calle 2 #72;descripcion1196;4
1197;1173751;61;calle 1 #72;descripcion1197;8
1198;711831;79;calle 1 #64;descripcion1198;2
1199;1166323;22;calle 2 #65;descripcion1199;15
1200;115988;21;calle 1 #65;descripcion1200;16
1201;236130;74;calle 2 #66;descripcion1201;17
1202;288519;1;calle 1 #66;descripcion1202;18
1203;382750;27;calle 2 #67;descripcion1203;16
1204;406060;19;calle 1 #67;descripcion1204;3
1205;295892;73;calle 2 #68;descripcion1205;17
1206;1665588;24;calle 1 #68;descripcion1206;15
1207;1250435;56;calle 2 #69;descripcion1207;3
1208;1554488;98;calle 1 #69;descripcion1208;10
1209;1974510;66;calle 2 #70;descripcion1209;14
1210;1375206;29;calle 1 #70;descripcion1210;14
1211;744338;93;calle 2 #71;descripcion1211;18
1212;830049;29;calle 1 #71;descripcion1212;7
1213;293971;71;calle 2 #72;descripcion1213;14
1214;983990;21;calle 1 #72;descripcion1214;13
1215;303212;96;calle 2 #73;descripcion1215;16
1216;491634;91;calle 1 #73;descripcion1216;9
1217;1205014;27;calle 1 #65;descripcion1217;2
1218;455984;89;calle 2 #66;descripcion1218;18
1219;624997;98;calle 1 #66;descripcion1219;4
1220;1375302;78;calle 2 #67;descripcion1220;4
1221;84376;88;calle 1 #67;descripcion1221;17
1222;1194254;27;calle 2 #68;descripcion1222;8
1223;504130;34;calle 1 #68;descripcion1223;2
1224;1904094;47;calle 2 #69;descripcion1224;18
1225;853082;32;calle 1 #69;descripcion1225;9
1226;1493249;13;calle 2 #70;descripcion1226;4
1227;507897;80;calle 1 #70;descripcion1227;8
1228;511711;24;calle 2 #71;descripcion1228;17
1229;1280605;56;calle 1 #71;descripcion1229;19
1230;1584759;61;calle 2 #72;descripcion1230;18
1231;852900;56;calle 1 #72;descripcion1231;1
1232;1211510;50;calle 2 #73;descripcion1232;18
1233;1790714;16;calle 1 #73;descripcion1233;19
1234;240003;80;calle 2 #74;descripcion1234;16
1235;1962540;24;calle 1 #74;descripcion1235;1
1236;1098956;49;calle 1 #66;descripcion1236;3
1237;706715;65;calle 2 #67;descripcion1237;19
1238;411612;65;calle 1 #67;descripcion1238;9
1239;1952143;92;calle 2 #68;descripcion1239;10
1240;289212;29;calle 1 #68;descripcion1240;8
1241;152066;27;calle 2 #69;descripcion1241;16
1242;263711;32;calle 1 #69;descripcion1242;2
1243;1177646;27;calle 2 #70;descripcion1243;17
1244;1342435;23;calle 1 #70;descripcion1244;13
1245;982623;46;calle 2 #71;descripcion1245;11
1246;1074420;37;calle 1 #71;descripcion1246;10
1247;732839;67;calle 2 #72;descripcion1247;8
1248;943352;60;calle 1 #72;descripcion1248;8
1249;55015;54;calle 2 #73;descripcion1249;5
1250;547436;11;calle 1 #73;descripcion1250;4
1251;1519375;50;calle 2 #74;descripcion1251;14
1252;1737706;77;calle 1 #74;descripcion1252;12
1253;575339;4;calle 2 #75;descripcion1253;17
1254;347988;7;calle 1 #75;descripcion1254;19
1255;1574809;33;calle 1 #67;descripcion1255;5
1256;1726060;53;calle 2 #68;descripcion1256;14
1257;1766778;50;calle 1 #68;descripcion1257;19
1258;1087605;42;calle 2 #69;descripcion1258;6
1259;395023;47;calle 1 #69;descripcion1259;7
1260;671781;74;calle 2 #70;descripcion1260;4
1261;755337;15;calle 1 #70;descripcion1261;3
1262;469566;28;calle 2 #71;descripcion1262;5
1263;413798;72;calle 1 #71;descripcion1263;19
1264;908535;51;calle 2 #72;descripcion1264;13
1265;682652;51;calle 1 #72;descripcion1265;15
1266;1244481;48;calle 2 #73;descripcion1266;13
1267;949784;47;calle 1 #73;descripcion1267;2
1268;1512712;21;calle 2 #74;descripcion1268;2
1269;428926;85;calle 1 #74;descripcion1269;12
1270;241474;66;calle 2 #75;descripcion1270;1
1271;1547357;14;calle 1 #75;descripcion1271;7
1272;924759;78;calle 2 #76;descripcion1272;11
1273;1829722;45;calle 1 #76;descripcion1273;4
1274;1607932;50;calle 1 #68;descripcion1274;4
1275;292200;9;calle 2 #69;descripcion1275;9
1276;1098928;11;calle 1 #69;descripcion1276;7
1277;1993632;31;calle 2 #70;descripcion1277;12
1278;1199944;70;calle 1 #70;descripcion1278;12
1279;712403;62;calle 2 #71;descripcion1279;18
1280;659443;15;calle 1 #71;descripcion1280;10
1281;194792;43;calle 2 #72;descripcion1281;19
1282;1960694;45;calle 1 #72;descripcion1282;10
1283;781120;8;calle 2 #73;descripcion1283;15
1284;1641112;5;calle 1 #73;descripcion1284;16
1285;1368375;32;calle 2 #74;descripcion1285;9
1286;147301;92;calle 1 #74;descripcion1286;7
1287;414078;70;calle 2 #75;descripcion1287;17
1288;455221;6;calle 1 #75;descripcion1288;1
1289;1517571;54;calle 2 #76;descripcion1289;13
1290;429797;78;calle 1 #76;descripcion1290;17
1291;65676;54;calle 2 #77;descripcion1291;14
1292;1826258;14;calle 1 #77;descripcion1292;1
1293;1048419;31;calle 1 #69;descripcion1293;10
1294;1466171;18;calle 2 #70;descripcion1294;12
1295;881329;12;calle 1 #70;descripcion1295;9
1296;1415500;98;calle 2 #71;descripcion1296;9
1297;1884236;22;calle 1 #71;descripcion1297;16
1298;330860;28;calle 2 #72;descripcion1298;14
1299;1282473;4;calle 1 #72;descripcion1299;19
1300;1576988;12;calle 2 #73;descripcion1300;12
1301;1418549;9;calle 1 #73;descripcion1301;15
1302;574749;27;calle 2 #74;descripcion1302;6
1303;277745;55;calle 1 #74;descripcion1303;14
1304;1711967;61;calle 2 #75;descripcion1304;7
1305;1014489;21;calle 1 #75;descripcion1305;6
1306;764556;8;calle 2 #76;descripcion1306;10
1307;1593942;64;calle 1 #76;descripcion1307;14
1308;1108071;93;calle 2 #77;descripcion1308;18
1309;515012;71;calle 1 #77;descripcion1309;18
1310;656282;6;calle 2 #78;descripcion1310;12
1311;727908;2;calle 1 #78;descripcion1311;13
1312;599901;36;calle 1 #70;descripcion1312;6
1313;1424243;59;calle 2 #71;descripcion1313;9
1314;299751;52;calle 1 #71;descripcion1314;12
1315;1343259;93;calle 2 #72;descripcion1315;11
1316;574196;29;calle 1 #72;descripcion1316;19
1317;298154;35;calle 2 #73;descripcion1317;10
1318;1776647;91;calle 1 #73;descripcion1318;5
1319;1484359;2;calle 2 #74;descripcion1319;11
1320;1258715;70;calle 1 #74;descripcion1320;17
1321;367730;25;calle 2 #75;descripcion1321;19
1322;1101776;28;calle 1 #75;descripcion1322;3
1323;883960;8;calle 2 #76;descripcion1323;8
1324;1726737;81;calle 1 #76;descripcion1324;16
1325;1655672;34;calle 2 #77;descripcion1325;19
1326;641640;66;calle 1 #77;descripcion1326;11
1327;1962143;79;calle 2 #78;descripcion1327;19
1328;1290755;51;calle 1 #78;descripcion1328;9
1329;550812;36;calle 2 #79;descripcion1329;9
1330;309893;84;calle 1 #79;descripcion1330;16
1331;323308;39;calle 1 #71;descripcion1331;15
1332;1855509;58;calle 2 #72;descripcion1332;5
1333;1701161;71;calle 1 #72;descripcion1333;18
1334;607363;37;calle 2 #73;descripcion1334;19
1335;1627698;79;calle 1 #73;descripcion1335;6
1336;1953418;28;calle 2 #74;descripcion1336;14
1337;689748;14;calle 1 #74;descripcion1337;7
1338;640485;5;calle 2 #75;descripcion1338;12
1339;476554;96;calle 1 #75;descripcion1339;1
1340;1256705;74;calle 2 #76;descripcion1340;6
1341;67360;22;calle 1 #76;descripcion1341;19
1342;763015;47;calle 2 #77;descripcion1342;12
1343;505065;53;calle 1 #77;descripcion1343;19
1344;75694;74;calle 2 #78;descripcion1344;19
1345;501588;26;calle 1 #78;descripcion1345;9
1346;285901;92;calle 2 #79;descripcion1346;2
1347;1159215;50;calle 1 #79;descripcion1347;9
1348;850467;75;calle 2 #80;descripcion1348;1
1349;1863110;68;calle 1 #80;descripcion1349;16
1350;1835760;30;calle 1 #72;descripcion1350;12
1351;268366;57;calle 2 #73;descripcion1351;13
1352;35051;2;calle 1 #73;descripcion1352;7
1353;230013;97;calle 2 #74;descripcion1353;7
1354;711051;49;calle 1 #74;descripcion1354;19
1355;341066;53;calle 2 #75;descripcion1355;13
1356;1801641;38;calle 1 #75;descripcion1356;6
1357;954774;65;calle 2 #76;descripcion1357;5
1358;938827;78;calle 1 #76;descripcion1358;13
1359;1666722;25;calle 2 #77;descripcion1359;14
1360;635443;52;calle 1 #77;descripcion1360;4
1361;1596181;39;calle 2 #78;descripcion1361;5
1362;1780795;81;calle 1 #78;descripcion1362;14
1363;588405;85;calle 2 #79;descripcion1363;4
1364;563592;26;calle 1 #79;descripcion1364;14
1365;921170;87;calle 2 #80;descripcion1365;13
1366;177826;22;calle 1 #80;descripcion1366;5
1367;929502;50;calle 2 #81;descripcion1367;16
1368;451738;96;calle 1 #81;descripcion1368;16
1369;261620;48;calle 1 #73;descripcion1369;1
1370;1356950;91;calle 2 #74;descripcion1370;5
1371;1795227;67;calle 1 #74;descripcion1371;7
1372;1173087;7;calle 2 #75;descripcion1372;14
1373;1458738;88;calle 1 #75;descripcion1373;1
1374;1073297;7;calle 2 #76;descripcion1374;3
1375;1200537;20;calle 1 #76;descripcion1375;8
1376;1632230;22;calle 2 #77;descripcion1376;12
1377;1804474;53;calle 1 #77;descripcion1377;7
1378;1456034;16;calle 2 #78;descripcion1378;9
1379;545428;44;calle 1 #78;descripcion1379;13
1380;638267;6;calle 2 #79;descripcion1380;8
1381;1995131;31;calle 1 #79;descripcion1381;5
1382;1825564;36;calle 2 #80;descripcion1382;10
1383;457972;4;calle 1 #80;descripcion1383;15
1384;1867108;90;calle 2 #81;descripcion1384;11
1385;1305387;100;calle 1 #81;descripcion1385;1
1386;94331;27;calle 2 #82;descripcion1386;18
1387;1507056;32;calle 1 #82;descripcion1387;3
1388;1190011;73;calle 1 #74;descripcion1388;3
1389;198865;25;calle 2 #75;descripcion1389;9
1390;547493;86;calle 1 #75;descripcion1390;1
1391;1460126;70;calle 2 #76;descripcion1391;4
1392;575588;80;calle 1 #76;descripcion1392;17
1393;510545;82;calle 2 #77;descripcion1393;3
1394;630042;7;calle 1 #77;descripcion1394;2
1395;1202453;49;calle 2 #78;descripcion1395;11
1396;1056846;26;calle 1 #78;descripcion1396;2
1397;1302923;74;calle 2 #79;descripcion1397;8
1398;1018572;57;calle 1 #79;descripcion1398;7
1399;653316;98;calle 2 #80;descripcion1399;2
1400;241522;29;calle 1 #80;descripcion1400;12
1401;1345123;93;calle 2 #81;descripcion1401;8
1402;912453;69;calle 1 #81;descripcion1402;6
1403;78815;33;calle 2 #82;descripcion1403;19
1404;1842967;43;calle 1 #82;descripcion1404;11
1405;434264;18;calle 2 #83;descripcion1405;7
1406;1789723;42;calle 1 #83;descripcion1406;2
1407;383524;85;calle 1 #75;descripcion1407;15
1408;1863791;74;calle 2 #76;descripcion1408;4
1409;699837;33;calle 1 #76;descripcion1409;4
1410;1135633;66;calle 2 #77;descripcion1410;2
1411;226915;31;calle 1 #77;descripcion1411;2
1412;976598;60;calle 2 #78;descripcion1412;19
1413;1879047;12;calle 1 #78;descripcion1413;7
1414;1595232;54;calle 2 #79;descripcion1414;3
1415;616325;6;calle 1 #79;descripcion1415;5
1416;1187878;69;calle 2 #80;descripcion1416;18
1417;372222;36;calle 1 #80;descripcion1417;14
1418;586754;76;calle 2 #81;descripcion1418;13
1419;1037086;8;calle 1 #81;descripcion1419;15
1420;649044;4;calle 2 #82;descripcion1420;7
1421;865349;53;calle 1 #82;descripcion1421;16
1422;988968;35;calle 2 #83;descripcion1422;6
1423;1442770;81;calle 1 #83;descripcion1423;17
1424;794480;85;calle 2 #84;descripcion1424;6
1425;1800061;38;calle 1 #84;descripcion1425;1
1426;1615513;74;calle 1 #76;descripcion1426;7
1427;1147737;60;calle 2 #77;descripcion1427;8
1428;45900;58;calle 1 #77;descripcion1428;17
1429;638275;43;calle 2 #78;descripcion1429;18
1430;1912983;74;calle 1 #78;descripcion1430;3
1431;1561458;80;calle 2 #79;descripcion1431;18
1432;1749176;6;calle 1 #79;descripcion1432;4
1433;1138769;22;calle 2 #80;descripcion1433;8
1434;1915581;26;calle 1 #80;descripcion1434;17
1435;774570;13;calle 2 #81;descripcion1435;15
1436;1157673;32;calle 1 #81;descripcion1436;7
1437;1354804;63;calle 2 #82;descripcion1437;13
1438;1919716;31;calle 1 #82;descripcion1438;2
1439;869858;65;calle 2 #83;descripcion1439;18
1440;98249;79;calle 1 #83;descripcion1440;18
1441;1568573;65;calle 2 #84;descripcion1441;18
1442;1978651;8;calle 1 #84;descripcion1442;2
1443;864582;30;calle 2 #85;descripcion1443;8
1444;1822707;40;calle 1 #85;descripcion1444;6
1445;1170555;38;calle 1 #77;descripcion1445;1
1446;275007;3;calle 2 #78;descripcion1446;11
1447;219498;20;calle 1 #78;descripcion1447;4
1448;1564773;87;calle 2 #79;descripcion1448;10
1449;1704897;39;calle 1 #79;descripcion1449;12
1450;36235;18;calle 2 #80;descripcion1450;3
1451;351360;66;calle 1 #80;descripcion1451;3
1452;1394879;25;calle 2 #81;descripcion1452;2
1453;274889;53;calle 1 #81;descripcion1453;8
1454;587681;93;calle 2 #82;descripcion1454;3
1455;1486944;79;calle 1 #82;descripcion1455;15
1456;1106869;52;calle 2 #83;descripcion1456;15
1457;1137718;75;calle 1 #83;descripcion1457;17
1458;1201739;42;calle 2 #84;descripcion1458;10
1459;1837591;53;calle 1 #84;descripcion1459;5
1460;131385;1;calle 2 #85;descripcion1460;11
1461;1525330;28;calle 1 #85;descripcion1461;14
1462;1943005;66;calle 2 #86;descripcion1462;6
1463;147553;29;calle 1 #86;descripcion1463;19
1464;202236;8;calle 1 #78;descripcion1464;12
1465;353943;59;calle 2 #79;descripcion1465;19
1466;204763;19;calle 1 #79;descripcion1466;17
1467;615122;61;calle 2 #80;descripcion1467;3
1468;109894;18;calle 1 #80;descripcion1468;3
1469;1635798;53;calle 2 #81;descripcion1469;1
1470;499650;65;calle 1 #81;descripcion1470;14
1471;333514;63;calle 2 #82;descripcion1471;1
1472;99444;64;calle 1 #82;descripcion1472;4
1473;588964;51;calle 2 #83;descripcion1473;18
1474;712016;73;calle 1 #83;descripcion1474;3
1475;1232095;100;calle 2 #84;descripcion1475;8
1476;102128;94;calle 1 #84;descripcion1476;17
1477;233751;7;calle 2 #85;descripcion1477;8
1478;324638;10;calle 1 #85;descripcion1478;18
1479;1742711;53;calle 2 #86;descripcion1479;11
1480;1325349;93;calle 1 #86;descripcion1480;7
1481;191258;31;calle 2 #87;descripcion1481;4
1482;281675;74;calle 1 #87;descripcion1482;18
1483;640780;7;calle 1 #79;descripcion1483;5
1484;1777573;56;calle 2 #80;descripcion1484;13
1485;629159;96;calle 1 #80;descripcion1485;15
1486;188294;22;calle 2 #81;descripcion1486;18
1487;421197;6;calle 1 #81;descripcion1487;8
1488;862649;22;calle 2 #82;descripcion1488;2
1489;842209;25;calle 1 #82;descripcion1489;3
1490;173812;3;calle 2 #83;descripcion1490;3
1491;928241;40;calle 1 #83;descripcion1491;5
1492;903199;71;calle 2 #84;descripcion1492;18
1493;46719;43;calle 1 #84;descripcion1493;7
1494;1455919;74;calle 2 #85;descripcion1494;10
1495;1026305;19;calle 1 #85;descripcion1495;7
1496;36046;69;calle 2 #86;descripcion1496;1
1497;954491;54;calle 1 #86;descripcion1497;19
1498;1385131;59;calle 2 #87;descripcion1498;6
1499;489882;87;calle 1 #87;descripcion1499;9
1500;1210520;46;calle 2 #88;descripcion1500;12
1501;563978;1;calle 1 #88;descripcion1501;8
1502;138939;21;calle 1 #80;descripcion1502;8
1503;1691341;56;calle 2 #81;descripcion1503;14
1504;493499;92;calle 1 #81;descripcion1504;9
1505;1048698;79;calle 2 #82;descripcion1505;9
1506;1493588;96;calle 1 #82;descripcion1506;1
1507;1680691;49;calle 2 #83;descripcion1507;6
1508;1750719;62;calle 1 #83;descripcion1508;5
1509;679323;29;calle 2 #84;descripcion1509;9
1510;1207482;100;calle 1 #84;descripcion1510;13
1511;1598136;59;calle 2 #85;descripcion1511;10
1512;220884;64;calle 1 #85;descripcion1512;14
1513;1350386;67;calle 2 #86;descripcion1513;2
1514;486199;8;calle 1 #86;descripcion1514;5
1515;1343137;96;calle 2 #87;descripcion1515;12
1516;1022820;57;calle 1 #87;descripcion1516;8
1517;974201;37;calle 2 #88;descripcion1517;13
1518;665091;84;calle 1 #88;descripcion1518;9
1519;543495;13;calle 2 #89;descripcion1519;6
1520;943370;61;calle 1 #89;descripcion1520;8
1521;1012943;43;calle 1 #81;descripcion1521;19
1522;826109;20;calle 2 #82;descripcion1522;8
1523;891230;98;calle 1 #82;descripcion1523;18
1524;999623;9;calle 2 #83;descripcion1524;4
1525;269691;13;calle 1 #83;descripcion1525;3
1526;1940170;59;calle 2 #84;descripcion1526;17
1527;1793584;4;calle 1 #84;descripcion1527;10
1528;722433;71;calle 2 #85;descripcion1528;8
1529;1283735;79;calle 1 #85;descripcion1529;9
1530;604833;11;calle 2 #86;descripcion1530;9
1531;1226253;53;calle 1 #86;descripcion1531;12
1532;1367217;28;calle 2 #87;descripcion1532;17
1533;83643;65;calle 1 #87;descripcion1533;11
1534;538651;8;calle 2 #88;descripcion1534;9
1535;1659626;8;calle 1 #88;descripcion1535;1
1536;1775492;71;calle 2 #89;descripcion1536;2
1537;183837;94;calle 1 #89;descripcion1537;1
1538;1059600;56;calle 2 #90;descripcion1538;3
1539;58074;63;calle 1 #90;descripcion1539;1
1540;104901;1;calle 1 #82;descripcion1540;11
1541;854156;99;calle 2 #83;descripcion1541;6
1542;1591112;51;calle 1 #83;descripcion1542;14
1543;422532;13;calle 2 #84;descripcion1543;18
1544;1462413;13;calle 1 #84;descripcion1544;12
1545;1732901;20;calle 2 #85;descripcion1545;5
1546;844048;58;calle 1 #85;descripcion1546;2
1547;197922;31;calle 2 #86;descripcion1547;14
1548;1999356;66;calle 1 #86;descripcion1548;10
1549;1948140;92;calle 2 #87;descripcion1549;15
1550;331153;55;calle 1 #87;descripcion1550;7
1551;1227818;50;calle 2 #88;descripcion1551;12
1552;697318;71;calle 1 #88;descripcion1552;18
1553;494283;68;calle 2 #89;descripcion1553;10
1554;108700;93;calle 1 #89;descripcion1554;14
1555;60004;25;calle 2 #90;descripcion1555;9
1556;560370;47;calle 1 #90;descripcion1556;5
1557;579092;54;calle 2 #91;descripcion1557;1
1558;635268;1;calle 1 #91;descripcion1558;2
1559;1329852;43;calle 1 #83;descripcion1559;8
1560;180576;85;calle 2 #84;descripcion1560;2
1561;583283;82;calle 1 #84;descripcion1561;1
1562;370722;57;calle 2 #85;descripcion1562;4
1563;174910;4;calle 1 #85;descripcion1563;11
1564;865220;54;calle 2 #86;descripcion1564;8
1565;1280666;15;calle 1 #86;descripcion1565;17
1566;1606306;35;calle 2 #87;descripcion1566;18
1567;528333;86;calle 1 #87;descripcion1567;10
1568;514477;49;calle 2 #88;descripcion1568;2
1569;1745445;29;calle 1 #88;descripcion1569;4
1570;810001;25;calle 2 #89;descripcion1570;8
1571;1760597;29;calle 1 #89;descripcion1571;10
1572;1461737;21;calle 2 #90;descripcion1572;18
1573;917728;37;calle 1 #90;descripcion1573;1
1574;1650056;13;calle 2 #91;descripcion1574;19
1575;1791268;52;calle 1 #91;descripcion1575;17
1576;1970818;95;calle 2 #92;descripcion1576;9
1577;683976;2;calle 1 #92;descripcion1577;13
1578;1279435;23;calle 1 #84;descripcion1578;17
1579;920788;99;calle 2 #85;descripcion1579;5
1580;90951;81;calle 1 #85;descripcion1580;5
1581;973063;27;calle 2 #86;descripcion1581;11
1582;1080203;94;calle 1 #86;descripcion1582;12
1583;1733164;63;calle 2 #87;descripcion1583;10
1584;632505;24;calle 1 #87;descripcion1584;13
1585;1664224;68;calle 2 #88;descripcion1585;4
1586;824492;63;calle 1 #88;descripcion1586;3
1587;1390768;5;calle 2 #89;descripcion1587;6
1588;773152;86;calle 1 #89;descripcion1588;9
1589;533495;58;calle 2 #90;descripcion1589;9
1590;1509240;44;calle 1 #90;descripcion1590;16
1591;248308;25;calle 2 #91;descripcion1591;2
1592;656763;31;calle 1 #91;descripcion1592;19
1593;845357;5;calle 2 #92;descripcion1593;6
1594;1113172;64;calle 1 #92;descripcion1594;16
1595;586325;65;calle 2 #93;descripcion1595;9
1596;671593;47;calle 1 #93;descripcion1596;8
1597;1961530;35;calle 1 #85;descripcion1597;6
1598;1703431;59;calle 2 #86;descripcion1598;4
1599;1319940;56;calle 1 #86;descripcion1599;15
1600;1020271;82;calle 2 #87;descripcion1600;11
1601;722702;6;calle 1 #87;descripcion1601;1
1602;1901029;27;calle 2 #88;descripcion1602;2
1603;422543;34;calle 1 #88;descripcion1603;10
1604;440164;12;calle 2 #89;descripcion1604;11
1605;1604685;4;calle 1 #89;descripcion1605;14
1606;1366967;67;calle 2 #90;descripcion1606;3
1607;313387;5;calle 1 #90;descripcion1607;19
1608;1477063;32;calle 2 #91;descripcion1608;17
1609;1740670;22;calle 1 #91;descripcion1609;4
1610;1131594;96;calle 2 #92;descripcion1610;16
1611;732357;44;calle 1 #92;descripcion1611;2
1612;1005694;77;calle 2 #93;descripcion1612;7
1613;492464;72;calle 1 #93;descripcion1613;3
1614;1867592;46;calle 2 #94;descripcion1614;7
1615;1120319;64;calle 1 #94;descripcion1615;15
1616;1802871;42;calle 1 #86;descripcion1616;14
1617;1258778;52;calle 2 #87;descripcion1617;10
1618;1347946;53;calle 1 #87;descripcion1618;2
1619;609644;72;calle 2 #88;descripcion1619;16
1620;1003206;72;calle 1 #88;descripcion1620;15
1621;1300905;99;calle 2 #89;descripcion1621;3
1622;1692011;46;calle 1 #89;descripcion1622;6
1623;1253507;25;calle 2 #90;descripcion1623;17
1624;1213640;6;calle 1 #90;descripcion1624;4
1625;1718565;91;calle 2 #91;descripcion1625;10
1626;662097;61;calle 1 #91;descripcion1626;18
1627;522849;49;calle 2 #92;descripcion1627;11
1628;108064;38;calle 1 #92;descripcion1628;3
1629;1577521;25;calle 2 #93;descripcion1629;2
1630;1102356;81;calle 1 #93;descripcion1630;18
1631;940827;6;calle 2 #94;descripcion1631;13
1632;1080938;11;calle 1 #94;descripcion1632;3
1633;1091306;34;calle 2 #95;descripcion1633;6
1634;336193;49;calle 1 #95;descripcion1634;6
1635;1729349;3;calle 1 #87;descripcion1635;17
1636;151057;65;calle 2 #88;descripcion1636;4
1637;1544584;28;calle 1 #88;descripcion1637;15
1638;1495249;64;calle 2 #89;descripcion1638;9
1639;1053563;48;calle 1 #89;descripcion1639;19
1640;1645577;34;calle 2 #90;descripcion1640;7
1641;299190;77;calle 1 #90;descripcion1641;14
1642;814311;61;calle 2 #91;descripcion1642;1
1643;428316;34;calle 1 #91;descripcion1643;6
1644;876029;84;calle 2 #92;descripcion1644;10
1645;308434;69;calle 1 #92;descripcion1645;1
1646;712904;6;calle 2 #93;descripcion1646;19
1647;409535;82;calle 1 #93;descripcion1647;17
1648;1013605;70;calle 2 #94;descripcion1648;3
1649;1145993;6;calle 1 #94;descripcion1649;13
1650;1358441;84;calle 2 #95;descripcion1650;4
1651;1864050;9;calle 1 #95;descripcion1651;18
1652;1207058;18;calle 2 #96;descripcion1652;16
1653;781307;18;calle 1 #96;descripcion1653;4
1654;1978427;5;calle 1 #88;descripcion1654;1
1655;294114;69;calle 2 #89;descripcion1655;12
1656;1958218;98;calle 1 #89;descripcion1656;10
1657;427187;84;calle 2 #90;descripcion1657;13
1658;147871;71;calle 1 #90;descripcion1658;2
1659;1937699;75;calle 2 #91;descripcion1659;11
1660;1186359;85;calle 1 #91;descripcion1660;18
1661;1925051;4;calle 2 #92;descripcion1661;15
1662;794839;17;calle 1 #92;descripcion1662;10
1663;335996;37;calle 2 #93;descripcion1663;16
1664;1472014;32;calle 1 #93;descripcion1664;14
1665;1201359;18;calle 2 #94;descripcion1665;19
1666;627529;4;calle 1 #94;descripcion1666;6
1667;1281293;18;calle 2 #95;descripcion1667;13
1668;608974;74;calle 1 #95;descripcion1668;12
1669;1301927;55;calle 2 #96;descripcion1669;18
1670;277133;96;calle 1 #96;descripcion1670;18
1671;149153;60;calle 2 #97;descripcion1671;2
1672;810162;6;calle 1 #97;descripcion1672;5
1673;1392467;9;calle 1 #89;descripcion1673;17
1674;1846839;25;calle 2 #90;descripcion1674;3
1675;194147;64;calle 1 #90;descripcion1675;16
1676;986959;52;calle 2 #91;descripcion1676;14
1677;450757;40;calle 1 #91;descripcion1677;9
1678;1673037;5;calle 2 #92;descripcion1678;11
1679;247127;41;calle 1 #92;descripcion1679;19
1680;1165109;23;calle 2 #93;descripcion1680;17
1681;566883;39;calle 1 #93;descripcion1681;15
1682;175517;90;calle 2 #94;descripcion1682;2
1683;1404203;36;calle 1 #94;descripcion1683;4
1684;564094;89;calle 2 #95;descripcion1684;5
1685;1053053;16;calle 1 #95;descripcion1685;6
1686;1215588;13;calle 2 #96;descripcion1686;14
1687;1154953;49;calle 1 #96;descripcion1687;4
1688;1850461;22;calle 2 #97;descripcion1688;19
1689;312195;20;calle 1 #97;descripcion1689;3
1690;374293;91;calle 2 #98;descripcion1690;2
1691;970607;53;calle 1 #98;descripcion1691;9
1692;1285437;50;calle 1 #90;descripcion1692;16
1693;896736;49;calle 2 #91;descripcion1693;19
1694;419388;31;calle 1 #91;descripcion1694;13
1695;198917;13;calle 2 #92;descripcion1695;2
1696;1794263;92;calle 1 #92;descripcion1696;10
1697;1544250;43;calle 2 #93;descripcion1697;2
1698;1343349;94;calle 1 #93;descripcion1698;7
1699;1429503;67;calle 2 #94;descripcion1699;9
1700;500289;29;calle 1 #94;descripcion1700;11
1701;156851;21;calle 2 #95;descripcion1701;12
1702;135899;82;calle 1 #95;descripcion1702;9
1703;1292407;17;calle 2 #96;descripcion1703;17
1704;1840613;77;calle 1 #96;descripcion1704;15
1705;1122706;93;calle 2 #97;descripcion1705;9
1706;1793250;93;calle 1 #97;descripcion1706;16
1707;1350878;47;calle 2 #98;descripcion1707;14
1708;552662;66;calle 1 #98;descripcion1708;18
1709;177259;33;calle 2 #99;descripcion1709;4
1710;469647;37;calle 1 #99;descripcion1710;14
1711;1898273;3;calle 1 #91;descripcion1711;16
1712;676248;58;calle 2 #92;descripcion1712;10
1713;1264338;48;calle 1 #92;descripcion1713;5
1714;94477;61;calle 2 #93;descripcion1714;2
1715;1184196;51;calle 1 #93;descripcion1715;14
1716;1934602;17;calle 2 #94;descripcion1716;6
1717;1306604;81;calle 1 #94;descripcion1717;2
1718;1010303;72;calle 2 #95;descripcion1718;2
1719;1723354;30;calle 1 #95;descripcion1719;8
1720;591451;4;calle 2 #96;descripcion1720;5
1721;1582752;25;calle 1 #96;descripcion1721;2
1722;776252;46;calle 2 #97;descripcion1722;17
1723;1853490;34;calle 1 #97;descripcion1723;12
1724;314858;95;calle 2 #98;descripcion1724;12
1725;329935;93;calle 1 #98;descripcion1725;3
1726;1065273;18;calle 2 #99;descripcion1726;15
1727;1393925;71;calle 1 #99;descripcion1727;15
1728;407020;95;calle 2 #100;descripcion1728;4
1729;1082183;69;calle 1 #100;descripcion1729;9
1730;1528577;62;calle 1 #92;descripcion1730;15
1731;666546;4;calle 2 #93;descripcion1731;5
1732;550204;59;calle 1 #93;descripcion1732;4
1733;557824;22;calle 2 #94;descripcion1733;2
1734;1204505;64;calle 1 #94;descripcion1734;13
1735;337730;88;calle 2 #95;descripcion1735;13
1736;174472;19;calle 1 #95;descripcion1736;10
1737;1079185;63;calle 2 #96;descripcion1737;10
1738;862193;98;calle 1 #96;descripcion1738;16
1739;293176;44;calle 2 #97;descripcion1739;4
1740;1232556;33;calle 1 #97;descripcion1740;12
1741;1093233;50;calle 2 #98;descripcion1741;12
1742;1941318;88;calle 1 #98;descripcion1742;9
1743;143425;97;calle 2 #99;descripcion1743;12
1744;1442350;30;calle 1 #99;descripcion1744;6
1745;1461012;51;calle 2 #100;descripcion1745;15
1746;1981070;96;calle 1 #100;descripcion1746;11
1747;121692;17;calle 2 #101;descripcion1747;2
1748;603491;60;calle 1 #101;descripcion1748;19
1749;89600;6;calle 1 #93;descripcion1749;10
1750;1585366;89;calle 2 #94;descripcion1750;10
1751;449194;77;calle 1 #94;descripcion1751;12
1752;1221420;67;calle 2 #95;descripcion1752;3
1753;647109;55;calle 1 #95;descripcion1753;18
1754;1739805;63;calle 2 #96;descripcion1754;17
1755;1255178;25;calle 1 #96;descripcion1755;13
1756;120650;76;calle 2 #97;descripcion1756;12
1757;1606929;7;calle 1 #97;descripcion1757;2
1758;205129;51;calle 2 #98;descripcion1758;9
1759;1843273;66;calle 1 #98;descripcion1759;4
1760;591477;56;calle 2 #99;descripcion1760;10
1761;752699;59;calle 1 #99;descripcion1761;5
1762;1734334;89;calle 2 #100;descripcion1762;15
1763;1533702;48;calle 1 #100;descripcion1763;14
1764;1693510;25;calle 2 #101;descripcion1764;1
1765;1138193;63;calle 1 #101;descripcion1765;7
1766;1280028;72;calle 2 #102;descripcion1766;8
1767;1468104;31;calle 1 #102;descripcion1767;18
1768;1587924;12;calle 1 #94;descripcion1768;10
1769;1158085;5;calle 2 #95;descripcion1769;9
1770;1134456;76;calle 1 #95;descripcion1770;4
1771;1462475;5;calle 2 #96;descripcion1771;4
1772;586274;46;calle 1 #96;descripcion1772;19
1773;1827153;69;calle 2 #97;descripcion1773;18
1774;1449771;40;calle 1 #97;descripcion1774;5
1775;1091116;57;calle 2 #98;descripcion1775;1
1776;300886;3;calle 1 #98;descripcion1776;18
1777;566566;5;calle 2 #99;descripcion1777;17
1778;1935060;22;calle 1 #99;descripcion1778;17
1779;155887;49;calle 2 #100;descripcion1779;8
1780;525144;54;calle 1 #100;descripcion1780;4
1781;1484698;79;calle 2 #101;descripcion1781;15
1782;933317;57;calle 1 #101;descripcion1782;18
1783;823515;31;calle 2 #102;descripcion1783;16
1784;1702318;19;calle 1 #102;descripcion1784;6
1785;509648;85;calle 2 #103;descripcion1785;18
1786;1126274;6;calle 1 #103;descripcion1786;1
1787;302323;46;calle 1 #95;descripcion1787;6
1788;236658;41;calle 2 #96;descripcion1788;6
1789;1640101;8;calle 1 #96;descripcion1789;14
1790;973660;20;calle 2 #97;descripcion1790;9
1791;1835489;67;calle 1 #97;descripcion1791;12
1792;465293;22;calle 2 #98;descripcion1792;17
1793;719048;94;calle 1 #98;descripcion1793;4
1794;469974;68;calle 2 #99;descripcion1794;14
1795;516422;6;calle 1 #99;descripcion1795;15
1796;1705640;95;calle 2 #100;descripcion1796;18
1797;480227;64;calle 1 #100;descripcion1797;7
1798;1595816;98;calle 2 #101;descripcion1798;6
1799;358357;78;calle 1 #101;descripcion1799;8
1800;1542824;45;calle 2 #102;descripcion1800;2
1801;514263;45;calle 1 #102;descripcion1801;9
1802;1805634;65;calle 2 #103;descripcion1802;3
1803;1098142;13;calle 1 #103;descripcion1803;12
1804;987245;60;calle 2 #104;descripcion1804;17
1805;1603224;78;calle 1 #104;descripcion1805;2
1806;1955742;2;calle 1 #96;descripcion1806;8
1807;214548;90;calle 2 #97;descripcion1807;14
1808;1688943;64;calle 1 #97;descripcion1808;9
1809;464215;74;calle 2 #98;descripcion1809;18
1810;1491229;12;calle 1 #98;descripcion1810;4
1811;1965286;95;calle 2 #99;descripcion1811;6
1812;613400;93;calle 1 #99;descripcion1812;8
1813;36095;90;calle 2 #100;descripcion1813;6
1814;746273;86;calle 1 #100;descripcion1814;16
1815;1270400;89;calle 2 #101;descripcion1815;13
1816;1178687;78;calle 1 #101;descripcion1816;14
1817;242810;18;calle 2 #102;descripcion1817;18
1818;1855579;52;calle 1 #102;descripcion1818;1
1819;415250;33;calle 2 #103;descripcion1819;9
1820;1829348;42;calle 1 #103;descripcion1820;17
1821;1072709;12;calle 2 #104;descripcion1821;12
1822;1558070;60;calle 1 #104;descripcion1822;12
1823;1299034;63;calle 2 #105;descripcion1823;15
1824;1953859;26;calle 1 #105;descripcion1824;7
1825;1755666;62;calle 1 #97;descripcion1825;11
1826;729533;47;calle 2 #98;descripcion1826;16
1827;1081141;13;calle 1 #98;descripcion1827;18
1828;1577541;20;calle 2 #99;descripcion1828;1
1829;871895;6;calle 1 #99;descripcion1829;10
1830;863588;88;calle 2 #100;descripcion1830;6
1831;141730;16;calle 1 #100;descripcion1831;14
1832;1768517;83;calle 2 #101;descripcion1832;7
1833;450950;79;calle 1 #101;descripcion1833;10
1834;666421;99;calle 2 #102;descripcion1834;5
1835;1758581;55;calle 1 #102;descripcion1835;18
1836;151203;24;calle 2 #103;descripcion1836;9
1837;239577;45;calle 1 #103;descripcion1837;4
1838;821020;89;calle 2 #104;descripcion1838;4
1839;1990060;75;calle 1 #104;descripcion1839;9
1840;452823;93;calle 2 #105;descripcion1840;17
1841;546218;60;calle 1 #105;descripcion1841;14
1842;1208146;36;calle 2 #106;descripcion1842;7
1843;1558241;30;calle 1 #106;descripcion1843;16
1844;1833636;11;calle 1 #98;descripcion1844;15
1845;1158680;9;calle 2 #99;descripcion1845;7
1846;1896775;69;calle 1 #99;descripcion1846;13
1847;814285;100;calle 2 #100;descripcion1847;2
1848;172198;52;calle 1 #100;descripcion1848;2
1849;1553406;23;calle 2 #101;descripcion1849;14
1850;1990913;32;calle 1 #101;descripcion1850;10
1851;725923;73;calle 2 #102;descripcion1851;4
1852;1564146;23;calle 1 #102;descripcion1852;16
1853;1626298;51;calle 2 #103;descripcion1853;1
1854;472444;50;calle 1 #103;descripcion1854;9
1855;650387;91;calle 2 #104;descripcion1855;14
1856;1980980;81;calle 1 #104;descripcion1856;6
1857;948846;14;calle 2 #105;descripcion1857;15
1858;548865;79;calle 1 #105;descripcion1858;18
1859;1003858;87;calle 2 #106;descripcion1859;10
1860;1439560;4;calle 1 #106;descripcion1860;2
1861;1406146;43;calle 2 #107;descripcion1861;8
1862;952557;94;calle 1 #107;descripcion1862;5
1863;76011;73;calle 1 #99;descripcion1863;5
1864;210999;47;calle 2 #100;descripcion1864;7
1865;1084537;1;calle 1 #100;descripcion1865;12
1866;1577109;33;calle 2 #101;descripcion1866;4
1867;1691316;91;calle 1 #101;descripcion1867;7
1868;1331599;62;calle 2 #102;descripcion1868;12
1869;1689278;4;calle 1 #102;descripcion1869;3
1870;1249497;22;calle 2 #103;descripcion1870;18
1871;1977345;18;calle 1 #103;descripcion1871;11
1872;501615;23;calle 2 #104;descripcion1872;1
1873;1009439;74;calle 1 #104;descripcion1873;16
1874;577765;23;calle 2 #105;descripcion1874;1
1875;498241;6;calle 1 #105;descripcion1875;16
1876;276851;21;calle 2 #106;descripcion1876;8
1877;789338;62;calle 1 #106;descripcion1877;1
1878;1169747;49;calle 2 #107;descripcion1878;5
1879;1510344;74;calle 1 #107;descripcion1879;14
1880;203151;95;calle 2 #108;descripcion1880;16
1881;1095105;76;calle 1 #108;descripcion1881;1
1882;1127035;57;calle 1 #100;descripcion1882;14
1883;45066;36;calle 2 #101;descripcion1883;18
1884;562420;92;calle 1 #101;descripcion1884;3
1885;1962013;55;calle 2 #102;descripcion1885;4
1886;1550873;32;calle 1 #102;descripcion1886;13
1887;1186151;72;calle 2 #103;descripcion1887;14
1888;1306205;14;calle 1 #103;descripcion1888;5
1889;1431833;53;calle 2 #104;descripcion1889;2
1890;1255204;25;calle 1 #104;descripcion1890;8
1891;1715347;41;calle 2 #105;descripcion1891;4
1892;641291;96;calle 1 #105;descripcion1892;14
1893;1300777;70;calle 2 #106;descripcion1893;2
1894;1030910;53;calle 1 #106;descripcion1894;6
1895;111588;68;calle 2 #107;descripcion1895;13
1896;1975912;11;calle 1 #107;descripcion1896;9
1897;654134;77;calle 2 #108;descripcion1897;1
1898;1593042;55;calle 1 #108;descripcion1898;11
1899;1227110;1;calle 2 #109;descripcion1899;4
1900;1361907;99;calle 1 #109;descripcion1900;9
1901;889558;61;calle 1 #101;descripcion1901;1
1902;81537;3;calle 2 #102;descripcion1902;6
1903;937266;22;calle 1 #102;descripcion1903;6
1904;1431154;86;calle 2 #103;descripcion1904;8
1905;602943;76;calle 1 #103;descripcion1905;12
1906;187096;81;calle 2 #104;descripcion1906;6
1907;1441218;16;calle 1 #104;descripcion1907;13
1908;1892891;66;calle 2 #105;descripcion1908;19
1909;1165089;92;calle 1 #105;descripcion1909;7
1910;628327;71;calle 2 #106;descripcion1910;10
1911;1267946;63;calle 1 #106;descripcion1911;7
1912;788594;45;calle 2 #107;descripcion1912;16
1913;561338;48;calle 1 #107;descripcion1913;11
1914;818511;86;calle 2 #108;descripcion1914;16
1915;1265930;83;calle 1 #108;descripcion1915;9
1916;948858;37;calle 2 #109;descripcion1916;7
1917;133420;74;calle 1 #109;descripcion1917;9
1918;1198087;59;calle 2 #110;descripcion1918;3
1919;1977887;90;calle 1 #110;descripcion1919;1
1920;339521;24;calle 1 #102;descripcion1920;5
1921;1368499;88;calle 2 #103;descripcion1921;3
1922;1962585;51;calle 1 #103;descripcion1922;4
1923;1068655;76;calle 2 #104;descripcion1923;16
1924;1908832;52;calle 1 #104;descripcion1924;17
1925;1390778;90;calle 2 #105;descripcion1925;9
1926;941288;11;calle 1 #105;descripcion1926;8
1927;1402642;69;calle 2 #106;descripcion1927;19
1928;1500098;2;calle 1 #106;descripcion1928;17
1929;1335024;40;calle 2 #107;descripcion1929;18
1930;528773;62;calle 1 #107;descripcion1930;8
1931;206523;93;calle 2 #108;descripcion1931;19
1932;515315;96;calle 1 #108;descripcion1932;17
1933;906553;98;calle 2 #109;descripcion1933;10
1934;1110871;22;calle 1 #109;descripcion1934;16
1935;1324429;20;calle 2 #110;descripcion1935;9
1936;1910929;71;calle 1 #110;descripcion1936;11
1937;271419;90;calle 2 #111;descripcion1937;10
1938;283382;95;calle 1 #111;descripcion1938;17
1939;637992;53;calle 1 #103;descripcion1939;2
1940;980627;30;calle 2 #104;descripcion1940;1
1941;1231898;78;calle 1 #104;descripcion1941;4
1942;270554;55;calle 2 #105;descripcion1942;19
1943;1681334;64;calle 1 #105;descripcion1943;12
1944;1670948;78;calle 2 #106;descripcion1944;14
1945;1999271;89;calle 1 #106;descripcion1945;16
1946;672033;63;calle 2 #107;descripcion1946;11
1947;651148;73;calle 1 #107;descripcion1947;2
1948;1574889;14;calle 2 #108;descripcion1948;9
1949;370466;100;calle 1 #108;descripcion1949;3
1950;252652;24;calle 2 #109;descripcion1950;2
1951;1632240;25;calle 1 #109;descripcion1951;15
1952;351784;43;calle 2 #110;descripcion1952;18
1953;1247780;80;calle 1 #110;descripcion1953;18
1954;1470173;60;calle 2 #111;descripcion1954;3
1955;1575268;2;calle 1 #111;descripcion1955;18
1956;786535;88;calle 2 #112;descripcion1956;9
1957;1739459;23;calle 1 #112;descripcion1957;3
1958;359511;81;calle 1 #104;descripcion1958;19
1959;171147;48;calle 2 #105;descripcion1959;7
1960;1238709;8;calle 1 #105;descripcion1960;12
1961;935750;2;calle 2 #106;descripcion1961;16
1962;535450;10;calle 1 #106;descripcion1962;1
1963;284810;85;calle 2 #107;descripcion1963;13
1964;76126;87;calle 1 #107;descripcion1964;14
1965;1530821;38;calle 2 #108;descripcion1965;11
1966;1426857;44;calle 1 #108;descripcion1966;17
1967;1681521;29;calle 2 #109;descripcion1967;15
1968;1131225;83;calle 1 #109;descripcion1968;10
1969;1084271;66;calle 2 #110;descripcion1969;5
1970;457904;67;calle 1 #110;descripcion1970;2
1971;763424;80;calle 2 #111;descripcion1971;9
1972;1612080;70;calle 1 #111;descripcion1972;5
1973;1061957;79;calle 2 #112;descripcion1973;19
1974;395075;28;calle 1 #112;descripcion1974;17
1975;622041;22;calle 2 #113;descripcion1975;19
1976;1311130;62;calle 1 #113;descripcion1976;8
1977;1652781;96;calle 1 #105;descripcion1977;15
1978;933459;5;calle 2 #106;descripcion1978;5
1979;1204505;43;calle 1 #106;descripcion1979;9
1980;964386;9;calle 2 #107;descripcion1980;18
1981;1473871;83;calle 1 #107;descripcion1981;7
1982;1457002;9;calle 2 #108;descripcion1982;3
1983;446949;65;calle 1 #108;descripcion1983;6
1984;1589967;99;calle 2 #109;descripcion1984;7
1985;1113614;29;calle 1 #109;descripcion1985;12
1986;545681;5;calle 2 #110;descripcion1986;3
1987;819367;37;calle 1 #110;descripcion1987;18
1988;647370;42;calle 2 #111;descripcion1988;7
1989;1013722;76;calle 1 #111;descripcion1989;17
1990;973364;83;calle 2 #112;descripcion1990;14
1991;256369;18;calle 1 #112;descripcion1991;18
1992;631703;53;calle 2 #113;descripcion1992;8
1993;37492;42;calle 1 #113;descripcion1993;11
1994;1149959;79;calle 2 #114;descripcion1994;15
1995;1874235;22;calle 1 #114;descripcion1995;5
1996;441979;2;calle 1 #106;descripcion1996;3
1997;95048;47;calle 2 #107;descripcion1997;14
1998;1371146;12;calle 1 #107;descripcion1998;19
1999;1235572;39;calle 2 #108;descripcion1999;16
2000;556680;34;calle 1 #108;descripcion2000;5
2001;752015;29;calle 2 #109;descripcion2001;3
2002;460926;84;calle 1 #109;descripcion2002;9
2003;1384883;82;calle 2 #110;descripcion2003;13
2004;782081;23;calle 1 #110;descripcion2004;15
2005;698461;100;calle 2 #111;descripcion2005;3
2006;988567;63;calle 1 #111;descripcion2006;7
2007;513675;18;calle 2 #112;descripcion2007;15
2008;298343;14;calle 1 #112;descripcion2008;4
2009;1186272;8;calle 2 #113;descripcion2009;3
2010;1079644;7;calle 1 #113;descripcion2010;3
2011;1271331;36;calle 2 #114;descripcion2011;11
2012;309080;97;calle 1 #114;descripcion2012;14
2013;1403536;58;calle 2 #115;descripcion2013;2
2014;1316774;45;calle 1 #115;descripcion2014;2
2015;402579;4;calle 1 #107;descripcion2015;19
2016;106645;63;calle 2 #108;descripcion2016;3
2017;294471;99;calle 1 #108;descripcion2017;5
2018;1759702;20;calle 2 #109;descripcion2018;14
2019;1972301;33;calle 1 #109;descripcion2019;18
2020;1520557;41;calle 2 #110;descripcion2020;7
2021;1744527;91;calle 1 #110;descripcion2021;7
2022;710976;45;calle 2 #111;descripcion2022;9
2023;1657389;29;calle 1 #111;descripcion2023;17
2024;319563;53;calle 2 #112;descripcion2024;15
2025;139285;18;calle 1 #112;descripcion2025;18
2026;1401029;97;calle 2 #113;descripcion2026;14
2027;743996;30;calle 1 #113;descripcion2027;2
2028;1175615;50;calle 2 #114;descripcion2028;1
2029;179837;83;calle 1 #114;descripcion2029;10
2030;1909210;72;calle 2 #115;descripcion2030;16
2031;326181;27;calle 1 #115;descripcion2031;18
2032;688575;97;calle 2 #116;descripcion2032;4
2033;52335;33;calle 1 #116;descripcion2033;10
2034;960027;54;calle 1 #108;descripcion2034;1
2035;801256;11;calle 2 #109;descripcion2035;16
2036;1496802;27;calle 1 #109;descripcion2036;18
2037;1009095;26;calle 2 #110;descripcion2037;12
2038;224165;38;calle 1 #110;descripcion2038;16
2039;1587451;57;calle 2 #111;descripcion2039;6
2040;93271;62;calle 1 #111;descripcion2040;11
2041;1858634;96;calle 2 #112;descripcion2041;9
2042;1688370;16;calle 1 #112;descripcion2042;17
2043;1598171;71;calle 2 #113;descripcion2043;6
2044;812303;86;calle 1 #113;descripcion2044;17
2045;1067564;72;calle 2 #114;descripcion2045;7
2046;1779153;54;calle 1 #114;descripcion2046;6
2047;534411;26;calle 2 #115;descripcion2047;10
2048;626345;27;calle 1 #115;descripcion2048;19
2049;893031;3;calle 2 #116;descripcion2049;14
2050;1151458;21;calle 1 #116;descripcion2050;3
2051;1793521;93;calle 2 #117;descripcion2051;7
2052;1904975;87;calle 1 #117;descripcion2052;14
2053;1204266;75;calle 1 #109;descripcion2053;4
2054;748674;10;calle 2 #110;descripcion2054;14
2055;761012;83;calle 1 #110;descripcion2055;1
2056;936420;44;calle 2 #111;descripcion2056;16
2057;1223010;75;calle 1 #111;descripcion2057;2
2058;258978;82;calle 2 #112;descripcion2058;7
2059;649956;16;calle 1 #112;descripcion2059;2
2060;1601030;70;calle 2 #113;descripcion2060;5
2061;126482;40;calle 1 #113;descripcion2061;12
2062;372138;20;calle 2 #114;descripcion2062;7
2063;1708466;39;calle 1 #114;descripcion2063;10
2064;1843791;7;calle 2 #115;descripcion2064;15
2065;725340;38;calle 1 #115;descripcion2065;1
2066;256728;36;calle 2 #116;descripcion2066;4
2067;792262;72;calle 1 #116;descripcion2067;14
2068;1295254;84;calle 2 #117;descripcion2068;15
2069;400993;55;calle 1 #117;descripcion2069;15
2070;1012443;11;calle 2 #118;descripcion2070;11
2071;1049577;94;calle 1 #118;descripcion2071;17
2072;428779;47;calle 1 #110;descripcion2072;11
2073;51964;79;calle 2 #111;descripcion2073;7
2074;1400592;13;calle 1 #111;descripcion2074;3
2075;389442;63;calle 2 #112;descripcion2075;4
2076;1397471;57;calle 1 #112;descripcion2076;9
2077;113888;3;calle 2 #113;descripcion2077;14
2078;463188;80;calle 1 #113;descripcion2078;1
2079;1081052;62;calle 2 #114;descripcion2079;19
2080;783190;55;calle 1 #114;descripcion2080;1
2081;605894;28;calle 2 #115;descripcion2081;18
2082;1617222;97;calle 1 #115;descripcion2082;14
2083;1110681;82;calle 2 #116;descripcion2083;18
2084;634548;57;calle 1 #116;descripcion2084;17
2085;490145;34;calle 2 #117;descripcion2085;9
2086;1523959;27;calle 1 #117;descripcion2086;12
2087;868705;61;calle 2 #118;descripcion2087;6
2088;532830;75;calle 1 #118;descripcion2088;15
2089;1939198;94;calle 2 #119;descripcion2089;9
2090;1953803;86;calle 1 #119;descripcion2090;17
2091;1727610;80;calle 1 #111;descripcion2091;1
2092;1834586;9;calle 2 #112;descripcion2092;6
2093;1009598;74;calle 1 #112;descripcion2093;10
2094;1113429;21;calle 2 #113;descripcion2094;13
2095;822489;5;calle 1 #113;descripcion2095;6
2096;262102;8;calle 2 #114;descripcion2096;6
2097;1633807;42;calle 1 #114;descripcion2097;12
2098;1170029;53;calle 2 #115;descripcion2098;7
2099;101704;90;calle 1 #115;descripcion2099;12
2100;860140;85;calle 2 #116;descripcion2100;6
2101;726152;19;calle 1 #116;descripcion2101;15
2102;1229244;80;calle 2 #117;descripcion2102;9
2103;142864;22;calle 1 #117;descripcion2103;12
2104;1352187;8;calle 2 #118;descripcion2104;2
2105;1040580;43;calle 1 #118;descripcion2105;9
2106;1241495;46;calle 2 #119;descripcion2106;10
2107;1240505;33;calle 2 #119;descripcion2107;13
